index,headline,source_url,publish_date,publisher
0,Chinese officials make conflicting public statements on whether coronavirus can be spread by air,https://www.mothership.sg/2020/02/aerosol-transmission-coronavirus/,"February 10, 01:05 pm",Mothership
1,Qatar advises citizens to reconsider travelling to S’pore due to coronavirus outbreak,https://www.mothership.sg/2020/02/qatar-singapore-travel-advisory-coronavirus/,"February 10, 01:03 pm",Mothership
2,Coronavirus: ‘Normal’ mask-buying crowd at Mustafa even after visit from confirmed case,https://www.mothership.sg/2020/02/mustafa-crowd-coronavirus/,"February 10, 12:44 pm",Mothership
3,Long queues for early morning temperature checks at Suntec & Raffles Place office buildings,https://www.mothership.sg/2020/02/long-queues-temperature-check-suntec/,"February 10, 12:40 pm",Mothership
4,China coronavirus death toll hits 908,https://www.mothership.sg/2020/02/wuhan-virus-death-feb-10/,"February 10, 11:45 am",Mothership
5,Coronavirus: Kyoto’s tourist attractions see significant drop in visitors,https://www.mothership.sg/2020/02/kyoto-wuhan-virus-empty/,"February 10, 11:39 am",Mothership
6,Kuwait the first country to advise its citizens not to travel to S’pore,https://www.mothership.sg/2020/02/kuwait-singapore-coronavirus/,"February 10, 12:34 am",Mothership
7,Coronavirus: MOM revokes 4 work passes & suspends privileges of 6 employers for breaching LOA,https://www.mothership.sg/2020/02/mom-revoke-work-pass-coronavirus/,"February 10, 12:04 am",Mothership
8,Confirmed case at Marina Bay Financial Centre is a S’porean with no recent travel history to China,https://www.mothership.sg/2020/02/marina-bay-financial-centre-coronavirus/,"February 9, 11:31 pm",Mothership
10,Confirmed case at Marina Bay Financial Centre is a S’porean with no recent travel history to China,https://www.mothership.sg/2020/02/marina-bay-financial-centre-coronavirus/,"February 9, 11:31 pm",Mothership
12,"Coronavirus: 6 patients in critical condition, an increase of 2 from Feb. 8",https://www.mothership.sg/2020/02/coronavirus-6-patients-critical-condition/,"February 9, 10:21 pm",Mothership
13,Coronavirus: Bangladeshi worker who visited Mustafa among new cases on Feb. 9,https://www.mothership.sg/2020/02/coronavirus-bangladesh-worker-mustafa/,"February 9, 10:12 pm",Mothership
14,"Coronavirus: 1st S’porean to recover, with 4 more patients discharged",https://www.mothership.sg/2020/02/coronavirus-4-more-patients-discharged-in-spore-6-fully-recovered-in-total/,"February 9, 09:59 pm",Mothership
15,"Coronavirus: 3 more confirmed cases in S’pore, one’s a Bangladesh national",https://www.mothership.sg/2020/02/coronavirus-confirmed-cases-43/,"February 9, 09:53 pm",Mothership
16,"M’sia confirms 17th case of coronavirus, woman related to patient who went to Grand Hyatt S’pore",https://www.mothership.sg/2020/02/malaysia-coronavirus-grand-hyatt/,"February 9, 08:23 pm",Mothership
17,Chan Chun Sing: S’poreans who hoard supplies or ‘behave inappropriately’ undermine our international reputation,https://www.mothership.sg/2020/02/chan-chun-sing-singaporeans-hoarding/,"February 9, 07:49 pm",Mothership
20,No delivery slots left for online grocery shopping service RedMart until Feb 15,https://www.mothership.sg/2020/02/redmart-no-delivery-slots/,"February 9, 06:16 pm",Mothership
21,Pritam Singh & Edwin Tong clash over merits of POFMA at NTU Forum on fake news,https://www.mothership.sg/2020/02/pritam-singh-edwin-tong-pofma/,"February 9, 05:17 pm",Mothership
22,MAS asks financial institutions to adopt extra measures for DORSCON Orange,https://www.mothership.sg/2020/02/mas-dorscon-orange-financial-institutions-measures/,"February 9, 04:17 pm",Mothership
23,A side-by-side comparison of how Hong Kong & S’pore have handled the coronavirus outbreak so far,https://www.mothership.sg/2020/02/hong-kong-singapore-coronavirus-comparison/,"February 9, 03:52 pm",Mothership
24,Thousands of South Korean couples tie the knot in mass wedding amidst coronavirus outbreak,https://www.mothership.sg/2020/02/south-korea-mass-wedding-coronavirus/,"February 9, 01:46 pm",Mothership
25,"MFA: 174 S’poreans return from Wuhan on Feb. 9, 2020 via Scoot flight",https://www.mothership.sg/2020/02/174-singaporeans-return-from-wuhan/,"February 9, 01:20 pm",Mothership
26,"NTUC Fairprice placing limits for amount of rice, instant noodles & toilet paper each shopper can buy",https://www.mothership.sg/2020/02/ntuc-fairprice-limits-rice-instant-noodles-toilet-paper/,"February 9, 01:02 pm",Mothership
27,"Psychology behind panic buying in S’pore supermarkets, explained",https://www.mothership.sg/2020/02/psychology-panic-buying/,"February 9, 12:26 pm",Mothership
29,"From airport to NCID, S’porean describes what it was like being an almost-suspect coronavirus case",https://www.mothership.sg/2020/02/suspect-coronavirus-case-testing-process-spore/,"February 9, 12:08 pm",Mothership
30,"From airport to NCID, S’porean describes what it was like being an almost-suspect coronavirus case",https://www.mothership.sg/2020/02/suspect-coronavirus-case-testing-process-spore/,"February 9, 12:08 pm",Mothership
31,S’porean dad & daughters thank doctors & nurses with simple act of buying them breakfast,https://www.mothership.sg/2020/02/dad-daughters-buy-breakfast-doctors-nurses/,"February 9, 11:59 am",Mothership
32,"Global death toll for novel coronavirus reaches over 800, set to exceed SARS",https://www.mothership.sg/2020/02/coronavirus-death-toll-more-than-sars/,"February 9, 11:39 am",Mothership
33,"5 Britons contract coronavirus in French Ski resort, linked to man who attended Grand Hyatt meeting",https://www.mothership.sg/2020/02/uk-nationals-french-resort-coronavirus/,"February 9, 11:23 am",Mothership
34,China to investigate rumour-monger turned whistle-blower doctor’s death after nationwide outcry,https://www.mothership.sg/2020/02/china-li-wen-liang-death-investigate/,"February 9, 09:53 am",Mothership
35,Nee Soon GRC MP Louis Ng reports Yishun retailer to MTI for selling 20 masks for S$138,https://www.mothership.sg/2020/02/louis-ng-masks/,"February 9, 05:49 am",Mothership
37,Tan Tock Seng Hospital pays tribute to its unsung heroes working tirelessly to fight novel coronavirus,https://www.mothership.sg/2020/02/ttsh-tribute-wuhan-virus/,"February 9, 04:39 am",Mothership
38,"5 nCoV cases linked to Life Church & Missions S’pore, church services stopped from Feb. 8",https://www.mothership.sg/2020/02/life-church-missions-coronavirus/,"February 9, 12:12 am",Mothership
41,Taxi driver & private hire driver among 7 new coronavirus cases in S’pore on Feb. 8,https://www.mothership.sg/2020/02/taxi-driver-coronavirus/,"February 8, 11:37 pm",Mothership
42,"Coronavirus: 7 more confirmed cases in S’pore, 3 possible clusters identified",https://www.mothership.sg/2020/02/coronavirus-confirmed-cases/,"February 8, 11:30 pm",Mothership
43,Coronavirus: 4 patients in critical condition & 1 requires oxygen support,https://www.mothership.sg/2020/02/singapore-coronavirus-4-icu/,"February 8, 11:27 pm",Mothership
44,"GrabShare to suspend temporarily from tonight (Feb. 9, 1am)",https://www.mothership.sg/2020/02/grabshare-suspend-coronavirus/,"February 8, 11:19 pm",Mothership
46,S’poreans mildly at risk of throwing 36 years of Total Defence lessons out the window,https://www.mothership.sg/2020/02/total-defence-wuhan-virus/,"February 8, 10:35 pm",Mothership
47,"S’pore youths who ‘sampled’ juice in supermarket release public apology, hope for ‘2nd chance’",https://www.mothership.sg/2020/02/sample-juice-apology/,"February 8, 10:01 pm",Mothership
49,S’porean man explains strain on supermarket staff caused by mass buying & urges people to stop,https://www.mothership.sg/2020/02/stop-mass-buying/,"February 8, 07:52 pm",Mothership
51,Kiasu shoppers officially break FairPrice website & cause app to shoot up download chart,https://www.mothership.sg/2020/02/fairprice-website-down-wuhan-virus/,"February 8, 06:51 pm",Mothership
53,Scammers are pretending to conduct contact tracing to procure information from S’pore victims,https://www.mothership.sg/2020/02/moh-warning-contact-tracing-scammers/,"February 8, 06:16 pm",Mothership
54,Coronavirus outbreak is test of S’pore’s social cohesion & psychological resilience: PM Lee,https://www.mothership.sg/2020/02/pm-lee-stay-calm-coronavirus/,"February 8, 06:03 pm",Mothership
56,"S’pore youth drinks from juice bottle & puts it back on shelf, friend says they eventually paid for it",https://www.mothership.sg/2020/02/test-juice-singapore/,"February 8, 05:46 pm",Mothership
57,People in S’pore don full face & body mask to ward off coronavirus or for peace of mind,https://www.mothership.sg/2020/02/singapore-full-mask-face/,"February 8, 05:11 pm",Mothership
58,Queue for masks at Mustafa going ridiculously strong for at least 2 straight days,https://www.mothership.sg/2020/02/mustafa-queue-masks/,"February 8, 04:03 pm",Mothership
59,"US citizen diagnosed with coronavirus dies in Wuhan, first reported foreigner death in China",https://www.mothership.sg/2020/02/us-citizen-die-coronavirus-wuhan/,"February 8, 04:00 pm",Mothership
62,Australia allows Chinese woman to visit dying son in exception on travel ban,https://www.mothership.sg/2020/02/australia-travel-ban-exemption-dying-son/,"February 8, 02:47 pm",Mothership
63,"‘My goodies, this is my minimart!’: S’pore woman shows off stockpiled groceries in bomb shelter",https://www.mothership.sg/2020/02/stockpile-groceries-singapore/,"February 8, 02:38 pm",Mothership
64,"S’pore ambulance driver allegedly turned away from food stall, according to Grab driver",https://www.mothership.sg/2020/02/grab-driver-story-of-ambulance-driver/,"February 8, 02:28 pm",Mothership
65,2nd death in the Philippines after suspicions of coronavirus in patient,https://www.mothership.sg/2020/02/second-person-pneumonia-death-philippines/,"February 8, 11:54 am",Mothership
66,WHO: Global shortage of masks & personal protective equipment due to ‘inappropriate use’ by those not on frontlines,https://www.mothership.sg/2020/02/who-global-shortage-of-masks/,"February 8, 11:25 am",Mothership
67,"China’s novel coronavirus death toll hits 722, more than 34,000 confirmed cases",https://www.mothership.sg/2020/02/china-coronavirus-death-toll-higher-than-sars/,"February 8, 11:21 am",Mothership
68,Coronavirus: Recovered Wuhan patient in S’pore was ‘not afraid’ because of ‘wonderful medical team’,https://www.mothership.sg/2020/02/2nd-discharged-coronavirus-singapore-interview/,"February 8, 10:47 am",Mothership
70,Anecdotes online claim S’pore nurses ostracised for taking MRT in uniform & spreading viruses,https://www.mothership.sg/2020/02/nurses-mrt-uniform-wuhan-virus/,"February 8, 06:07 am",Mothership
71,Education minister Ong Ye Kung reassures VJC teacher infected with coronavirus it’s not her fault,https://www.mothership.sg/2020/02/ong-ye-kung-vjc-teacher-wuhan-virus/,"February 8, 04:57 am",Mothership
72,FairPrice clarifies it doesn’t sell bat meat after doctored images circulate online,https://www.mothership.sg/2020/02/fairprice-sell-bat-meat-fake-image/,"February 8, 02:24 am",Mothership
73,S’pore Airshow to continue with added measures to safeguard attendees’ well-being: Event organiser,https://www.mothership.sg/2020/02/singapore-airshow-2020-continue-safety-measures/,"February 8, 01:46 am",Mothership
74,Chan Chun Sing urges S’poreans to exercise individual responsibility & ‘not hoard items unnecessarily’,https://www.mothership.sg/2020/02/chan-chun-sing-dorscon-orange-hoarding/,"February 8, 12:39 am",Mothership
75,Coronavirus: Travellers cancel flights to S’pore over fears of local transmission,https://www.mothership.sg/2020/02/travellers-cancel-singapore/,"February 7, 11:57 pm",Mothership
77,Man who collapsed at Raffles Place MRT was sent to Tan Tock Seng Hospital,https://www.mothership.sg/2020/02/man-collapse-raffles-mrt-ttsh/,"February 7, 09:23 pm",Mothership
79,"Thaipusam in S’pore to proceed on Feb. 8, devotees advised to avoid peak periods at 12am & 6pm",https://www.mothership.sg/2020/02/thaipusam-2020-coronavirus/,"February 7, 08:08 pm",Mothership
80,Pangolin “most likely” intermediate host for coronavirus: Chinese scientists,https://www.mothership.sg/2020/02/pangolin-host-coronavirus/,"February 7, 07:55 pm",Mothership
81,Britain’s 3rd case of coronavirus is British national who had travelled to S’pore,https://www.mothership.sg/2020/02/first-british-national-coronavirus-singapore/,"February 7, 06:51 pm",Mothership
82,Lion dance troupe to get tested after performing at Grand Hyatt conference with coronavirus cases,https://www.mothership.sg/2020/02/lion-dance-conference-grand-hyatt/,"February 7, 06:19 pm",Mothership
83,"Coronavirus: 2nd patient discharged. 2 patients in critical condition, warded in ICU.",https://www.mothership.sg/2020/02/singapore-coronavirus-2-discharge-2-icu/,"February 7, 05:57 pm",Mothership
84,Schools in S’pore to suspend external activities until end of March holidays,https://www.mothership.sg/2020/02/moe-school-suspend-activities-march-holiday/,"February 7, 05:56 pm",Mothership
85,Here’s a list of all additional precautionary measures now that S’pore is at DORSCON Orange alert,https://www.mothership.sg/2020/02/additional-precautionary-measures-dorscon-orange-alert-singapore/,"February 7, 05:27 pm",Mothership
86,"Coronavirus: Community spread confirmed, 3 new cases. S’pore now at Orange alert.",https://www.mothership.sg/2020/02/coronavirus-dorscon-orange-1st-time/,"February 7, 05:26 pm",Mothership
87,"Coronavirus: 42-year-old S’porean VJC teacher among 3 new cases, total cases at 33",https://www.mothership.sg/2020/02/singapore-confirmed-cases-coronavirus-33/,"February 7, 05:25 pm",Mothership
88,Poor & elderly in HK keep reusing masks as they can’t afford or too weak to queue for new ones,https://www.mothership.sg/2020/02/poor-elderly-cant-afford-mask-hong-kong/,"February 7, 05:14 pm",Mothership
89,S’pore’s 29th patient with coronavirus had lohei with colleagues on day he developed symptoms,https://www.mothership.sg/2020/02/wuhan-virus-singapore-29th-patient-lohei/,"February 7, 04:26 pm",Mothership
91,DPM Heng Swee Keat reaffirms S’pore’s commitment to help China fight coronavirus outbreak,https://www.mothership.sg/2020/02/heng-swee-keat-coronavirus/,"February 7, 03:21 pm",Mothership
92,‘Viral CNA tweet’ declaring S’pore schools closed on Feb. 10 due to coronavirus is fake,https://www.mothership.sg/2020/02/fake-tweet-cna-school/,"February 7, 02:54 pm",Mothership
93,"Over 320,000 people sign online petition urging United Nations to get WHO chief to resign",https://www.mothership.sg/2020/02/online-petition-who-chief-resign/,"February 7, 02:02 pm",Mothership
95,Shanmugam criticises S’porean ustaz for saying coronavirus outbreak retribution for China’s oppression of Muslim Uighurs,https://www.mothership.sg/2020/02/shanmugam-xenophobic-ustaz/,"February 7, 01:06 pm",Mothership
96,5 S’poreans aboard quarantined Japanese cruise ship,https://www.mothership.sg/2020/02/5-sporeans-japanese-cruise-ship/,"February 7, 12:50 pm",Mothership
99,"41 more confirmed coronavirus cases aboard quarantined Japanese cruise ship, 61 cases in total",https://www.mothership.sg/2020/02/41-confirmed-coronavirus-cases-japan-cruise-ship/,"February 7, 11:55 am",Mothership
101,"Coronavirus case 29 visited Seletar clinic twice before diagnosis, GP went on voluntary LOA",https://www.mothership.sg/2020/02/coronavirus-phoenix-medical-group/,"February 7, 11:12 am",Mothership
102,"Shin Min: Mother of 6-month-old devastated she passed virus to family, talks about guilt she feels",https://www.mothership.sg/2020/02/singapore-wuhan-virus-mother-baby/,"February 7, 10:46 am",Mothership
103,"Old Chang Kee giving free curry puffs to S’pore doctors & nurses from public hospitals, daily till 5pm",https://www.mothership.sg/2020/02/old-chang-kee-free-curry-puff/,"February 7, 10:34 am",Mothership
104,MFA in talks with Chinese authorities to mount 2nd evacuation flight from Wuhan,https://www.mothership.sg/2020/02/singapore-evacuation-wuhan-flight/,"February 7, 10:21 am",Mothership
106,"Whistleblower doctor in China, 34, has died from new coronavirus he tried to warn others about",https://www.mothership.sg/2020/02/whistleblower-doctor-china-dies-wuhan-virus/,"February 7, 12:14 am",Mothership
107,German YouTuber speaks up for China after follower experiences racism due to virus outbreak,https://www.mothership.sg/2020/02/german-youtuber-speaks-up-china-coronavirus/,"February 6, 11:33 pm",Mothership
108,"How did Patient 29, with no obvious links to previous cases, contract coronavirus?",https://www.mothership.sg/2020/02/patient-29-unlinked-coronavirus-case/,"February 6, 11:17 pm",Mothership
109,Coronavirus: Private hire driver is 27th case in S’pore,https://www.mothership.sg/2020/02/private-hire-driver-wuhan-virus/,"February 6, 10:43 pm",Mothership
110,"Coronavirus: 2 infected patients’ conditions have worsened, 1 in critical condition in ICU",https://www.mothership.sg/2020/02/singapore-coronavirus-patient-icu/,"February 6, 10:24 pm",Mothership
111,"Coronavirus: 2 more confirmed S’porean cases, both with no travel history to Wuhan",https://www.mothership.sg/2020/02/wuhan-virus-local-transmission/,"February 6, 09:44 pm",Mothership
113,S’pore is at Yellow alert for the coronavirus. What would it take to shift to Orange?,https://www.mothership.sg/2020/02/coronavirus-yellow-alert/,"February 6, 08:12 pm",Mothership
115,A complete breakdown of how the coronavirus cases in S’pore are related to one another,https://www.mothership.sg/2020/02/wuhan-virus-linked-how/,"February 6, 06:43 pm",Mothership
117,M’sia’s first locally transmitted coronavirus case is sister of man who went to S’pore conference,https://www.mothership.sg/2020/02/malaysia-first-local-transmission-coronavirus/,"February 6, 05:37 pm",Mothership
118,Xi Jinping warns coronavirus outbreak can affect China’s social stability,https://www.mothership.sg/2020/02/china-xi-jinping-wuhan-virus-social-stability/,"February 6, 05:27 pm",Mothership
119,Health experts debunk video advising people to steam & reuse masks,https://www.mothership.sg/2020/02/video-steam-reuse-masks-debunk/,"February 6, 05:10 pm",Mothership
120,"S’poreans go to Senoko, northern-most part of S’pore, queue in sun to buy 8 litres of disinfectant",https://www.mothership.sg/2020/02/senoko-disinfectant-wuhan-virus/,"February 6, 05:09 pm",Mothership
121,"Jackie Chan, Donnie Yen & Jay Chou feature in music video to support medical workers in Wuhan",https://www.mothership.sg/2020/02/jackie-chan-donnie-yen-jay-chou-music-video-virus/,"February 6, 04:57 pm",Mothership
122,WHO investigates Grand Hyatt meeting with 94 overseas participants & 3 coronavirus cases,https://www.mothership.sg/2020/02/who-singapore-conference-coronavirus/,"February 6, 03:42 pm",Mothership
123,Prediction: Coronavirus likely to disappear in May as summer sun heats up China,https://www.mothership.sg/2020/02/wuhan-virus-china-summer-hot/,"February 6, 03:39 pm",Mothership
124,Hong Kong declares community outbreak of coronavirus,https://www.mothership.sg/2020/02/coronavirus-hong-kong-community-outbreak/,"February 6, 03:28 pm",Mothership
127,"Indonesia has 264 million people, over 2 million tourists from China, but 0 reported cases of coronavirus",https://www.mothership.sg/2020/02/indonesia-no-wuhan-virus/,"February 6, 02:02 pm",Mothership
128,Wuhan puts together makeshift ‘square cabin’ hospitals in one night to treat mild coronavirus cases,https://www.mothership.sg/2020/02/wuhan-square-cabin-hospital/,"February 6, 01:28 pm",Mothership
129,Coronavirus: Pakistan resumes flights to China after less than a week,https://www.mothership.sg/2020/02/pakistan-china-resume-flights-coronavirus/,"February 6, 12:46 pm",Mothership
131,Bill Gates donating up to S$138 million to help combat coronavirus all over the world,https://www.mothership.sg/2020/02/bill-gates-donate-coronavirus/,"February 6, 12:09 pm",Mothership
132,"20 coronavirus cases on Japanese cruise ship. Here’s what life is like for the 3,700 passengers stranded inside.",https://www.mothership.sg/2020/02/life-on-japanese-cruise-ship-coronavirus/,"February 6, 12:05 pm",Mothership
133,"Milder coronavirus infection cases possibly underreported in China, says experts",https://www.mothership.sg/2020/02/coronavirus-fatality-lower/,"February 6, 11:38 am",Mothership
135,56 people in Taiwan died of H1N1 flu virus-affected respiratory failure in past 3 months,https://www.mothership.sg/2020/02/taiwan-h1n1-flu-died/,"February 6, 09:50 am",Mothership
136,Coronavirus: India airports now screening passengers arriving from S’pore & Thailand,https://www.mothership.sg/2020/02/india-screen-singapore-passengers/,"February 6, 08:58 am",Mothership
137,China’s People’s Liberation Army Air Force aerobatics team will still perform at S’pore Airshow,https://www.mothership.sg/2020/02/china-air-force-singapore-airshow-wuhan-virus/,"February 6, 08:56 am",Mothership
138,Grand Hyatt S’pore business meeting attended by 109 people source of M’sia & South Korea coronavirus cases,https://www.mothership.sg/2020/02/wuhan-virus-grand-hyatt-singapore/,"February 6, 07:45 am",Mothership
139,563 dead as China’s coronavirus outbreak continues to claim lives in hardest-hit regions,https://www.mothership.sg/2020/02/china-wuhan-virus-update-feb-6/,"February 6, 07:16 am",Mothership
140,"Cases 19, 27 & 28: The first S’porean family to get coronavirus locally",https://www.mothership.sg/2020/02/singapore-family-wuhan-virus/,"February 6, 12:20 am",Mothership
141,"Newborn baby in China tests positive for coronavirus, infected mother likely the cause",https://www.mothership.sg/2020/02/newborn-baby-china-wuhan-virus-infected-mother/,"February 6, 12:16 am",Mothership
142,"4 more confirmed cases of coronavirus in S’pore, including 6-month-old child of previous cases",https://www.mothership.sg/2020/02/4-more-confirmed-cases-coronavirus/,"February 5, 10:19 pm",Mothership
143,"Lavender cluster PRC tourist group also visited T Galleria, Downtown East & Havelock Rd",https://www.mothership.sg/2020/02/coronavirus-lavender-tourists/,"February 5, 10:14 pm",Mothership
144,VivoCity quashes rumour of coronavirus infection & closure due to disinfection,https://www.mothership.sg/2020/02/vivocity-rumour-coronavirus/,"February 5, 08:58 pm",Mothership
145,Restaurants in Indonesia take bat dishes off menu over coronavirus fears,https://www.mothership.sg/2020/02/indonesia-bat-meat-coronavirus/,"February 5, 07:56 pm",Mothership
146,Hong Kong to quarantine all visitors from mainland China for 14 days,https://www.mothership.sg/2020/02/hong-kong-quarantine-visitors-mainland-china/,"February 5, 07:41 pm",Mothership
147,Canadian man’s attempt to go viral with false coronavirus claim forces Jamaican-bound flight to turn back,https://www.mothership.sg/2020/02/canada-man-coronavirus-prank/,"February 5, 07:40 pm",Mothership
150,"M’sian father, 45, & son, 9, infected with coronavirus on Feb. 5, 2020",https://www.mothership.sg/2020/02/malaysia-father-son-wuhan-virus/,"February 5, 07:13 pm",Mothership
153,Iconic Starbucks outlet at Fullerton Waterboat House now closed as its lease ended,https://www.mothership.sg/2020/02/starbucks-fullerton-waterboat-house-closed/,"February 5, 06:02 pm",Mothership
154,Grand Hyatt S’pore starts ‘deep cleaning measures’ after M’sian guest diagnosed with coronavirus,https://www.mothership.sg/2020/02/grand-hyatt-singapore-cleaning-coronavirus/,"February 5, 05:53 pm",Mothership
155,"Woman smears blood on lift doors in Yishun, town council to take action if vandalism continues",https://www.mothership.sg/2020/02/woman-smear-blood-in-lift-yishun/,"February 5, 05:53 pm",Mothership
156,Hong Kong protesters nominated for Nobel Peace Prize by US lawmakers,https://www.mothership.sg/2020/02/hong-kong-protesters-nobel-peace-prize/,"February 5, 05:29 pm",Mothership
157,NEA lists disinfectants & cleaning products effective against novel coronavirus,https://www.mothership.sg/2020/02/nea-coronavirus-cleaning-products-effective/,"February 5, 05:16 pm",Mothership
158,"Cathay Pacific asks 27,000 staff to take 3 weeks’ unpaid leave in wake of coronavirus outbreak",https://www.mothership.sg/2020/02/coronavirus-cathay-pacific-unpaid-leave/,"February 5, 04:43 pm",Mothership
159,Cambodian PM cancels ‘moral support’ visit to 23 Cambodian students in Wuhan,https://www.mothership.sg/2020/02/cambodia-hun-sen-wuhan-students/,"February 5, 04:41 pm",Mothership
160,2 S’poreans set up initiative for people to donate free masks & sanitisers to others in need,https://www.mothership.sg/2020/02/free-mask-sanitiser-giveaway/,"February 5, 04:31 pm",Mothership
161,S’pore couple on leave of absence attends their own hotel wedding banquet via livestream,https://www.mothership.sg/2020/02/couple-loa-wedding-livestream/,"February 5, 04:13 pm",Mothership
163,"Devastating virus attacking tomatoes, peppers & chili plants in US, China & Europe",https://www.mothership.sg/2020/02/tomato-rugose-brown-fruit-virus/,"February 5, 03:10 pm",Mothership
164,China’s leadership admits ‘shortcomings & deficiencies’ in initial response to coronavirus outbreak,https://www.mothership.sg/2020/02/china-wuhan-virus-response-inadequate/,"February 5, 03:09 pm",Mothership
167,Ningxia Night Market Sentosa sees sparse crowd due to Wuhan virus outbreak in S’pore,https://www.mothership.sg/2020/02/ningxia-night-market-virus-outbreak/,"February 5, 01:41 pm",Mothership
168,"Beijing streets empty & stores shuttered, video by American residing in China shows",https://www.mothership.sg/2020/02/china-beijing-empty-wuhan-virus/,"February 5, 01:37 pm",Mothership
169,4-year-old girl with coronavirus in M’sia first to recover there & will go back to China,https://www.mothership.sg/2020/02/china-girl-4-wuhan-virus-malaysia-recovered/,"February 5, 01:13 pm",Mothership
170,"Coronavirus patient, 69, in China, came in close contact with over 100 people & hid travel history",https://www.mothership.sg/2020/02/china-man-69-wuhan-virus-contact-100/,"February 5, 01:00 pm",Mothership
172,South Korean man gets Wuhan virus after meeting infected M’sian at Grand Hyatt S’pore,https://www.mothership.sg/2020/02/south-korea-new-cases-infected-singapore/,"February 5, 12:52 pm",Mothership
173,MOH: 500 to 600 pneumonia patients to be tested for Wuhan virus every week,https://www.mothership.sg/2020/02/pneumonia-patients-tested-for-coronavirus-moh/,"February 5, 12:00 pm",Mothership
174,"28-year-old medical staff in China dies, allegedly after working 10 days straight battling Wuhan virus",https://www.mothership.sg/2020/02/doctor-overwork-die-wuhan-virus-song-yingjie/,"February 5, 11:40 am",Mothership
175,"China’s novel coronavirus death toll rises to 490, confirmed infections hit 24,324",https://www.mothership.sg/2020/02/china-wuhan-virus-update-feb-5/,"February 5, 11:33 am",Mothership
176,Chan Chun Sing & Pritam Singh debate foreign workers: ‘Immigration is the story of unrequited love’,https://www.mothership.sg/2020/02/chan-chun-sing-pritam-singh-foreign-workers/,"February 5, 02:07 am",Mothership
177,South Koreans who hoard masks during Wuhan virus outbreak can be jailed 2 years,https://www.mothership.sg/2020/02/south-korea-face-masks-jail/,"February 5, 01:23 am",Mothership
180,"S’pore donating S$1 million, medical supplies & test kits to China for Wuhan virus fight",https://www.mothership.sg/2020/02/singapore-donates-1-million-to-china/,"February 4, 11:54 pm",Mothership
181,"First M’sian diagnosed with Wuhan virus had visited Grand Hyatt S’pore, stayed here for 1 week",https://www.mothership.sg/2020/02/malaysian-wuhan-virus-grand-hyatt/,"February 4, 11:34 pm",Mothership
182,Wuhan Red Cross slammed for failing to deliver supplies to hospitals that urgently need them,https://www.mothership.sg/2020/02/china-wuhan-red-cross/,"February 4, 11:13 pm",Mothership
187,Timeline of Chinese tour group that infected tour guide & Lavender shopkeepers,https://www.mothership.sg/2020/02/chinese-tour-group-wuhan-timeline/,"February 4, 07:29 pm",Mothership
188,MOE cancels flag-raising ceremony & other group activities to prevent Wuhan virus spread,https://www.mothership.sg/2020/02/moe-schools-wuhan-virus/,"February 4, 07:11 pm",Mothership
189,Lavender cluster of Wuhan virus not widespread transmission: MOH Chief Health Scientist,https://www.mothership.sg/2020/02/lavender-wuhan-virus-spread/,"February 4, 06:57 pm",Mothership
190,4 Thai citizens among 6 new cases of Wuhan virus reported in Thailand,https://www.mothership.sg/2020/02/thailand-wuhan-cases-4-thais/,"February 4, 06:36 pm",Mothership
191,4 in S’pore infected with Wuhan virus due to Chinese tourist stop in Lavender,https://www.mothership.sg/2020/02/wuhan-virus-local-spread/,"February 4, 06:01 pm",Mothership
192,"Wuhan man, 35, first patient in S’pore to be cleared of Wuhan virus",https://www.mothership.sg/2020/02/wuhan-patient-discharge/,"February 4, 06:00 pm",Mothership
193,"Wuhan virus: 4 cases of human-to-human transmission in S’pore, 6 new cases in total",https://www.mothership.sg/2020/02/wuhan-virus-singapore-local-transmission/,"February 4, 06:00 pm",Mothership
195,"China says it urgently needs medical supplies, masks & protective suits to tackle Wuhan virus",https://www.mothership.sg/2020/02/china-needs-masks-medical-supplies-wuhan-virus/,"February 4, 05:13 pm",Mothership
196,Healthcare workers in Wuhan reveal cuts & marks on faces from wearing masks,https://www.mothership.sg/2020/02/healthcare-workers-wuhan-virus-face-mask-cuts/,"February 4, 04:46 pm",Mothership
198,First M’sian to test positive for Wuhan virus is Selangor man,https://www.mothership.sg/2020/02/malaysian-wuhan-virus-first/,"February 4, 03:41 pm",Mothership
199,"South Korean woman, 42, tests positive for coronavirus after visiting Thailand",https://www.mothership.sg/2020/02/south-korea-16th-case-coronavirus/,"February 4, 03:21 pm",Mothership
200,Macau suspends casino operations for two weeks to curb spread of Wuhan virus,https://www.mothership.sg/2020/02/macau-suspends-casinos-two-weeks/,"February 4, 02:55 pm",Mothership
201,Unlabelled boxes of masks placed outside Chinese consulate in Penang mistaken for bomb,https://www.mothership.sg/2020/02/penang-chinese-consulate-masks-bomb/,"February 4, 02:32 pm",Mothership
204,"Japan quarantines 3,700 onboard cruise ship over Wuhan virus",https://www.mothership.sg/2020/02/japan-quarantines-cruise-ship-wuhan-virus/,"February 4, 01:41 pm",Mothership
205,"Indonesian evacuees from Wuhan, China sprayed with ‘alcohol’ mist upon disembarking in Batam",https://www.mothership.sg/2020/02/indonesian-wuhan-virus-spray/,"February 4, 12:59 pm",Mothership
206,NATAS travel fair postponed from Feb. to May 2020 due to Wuhan virus outbreak,https://www.mothership.sg/2020/02/natas-travel-fair-wuhan-virus/,"February 4, 12:26 pm",Mothership
208,S’pore govt: No need for landlords to evict tenants serving quarantine orders or leave of absence,https://www.mothership.sg/2020/02/evict-wuhan-virus-tenants-quarantine-leave-of-absence/,"February 4, 11:56 am",Mothership
209,"Hong Kong confirms first death from Wuhan virus, second reported death outside mainland China",https://www.mothership.sg/2020/02/hong-kong-first-death-wuhan-virus/,"February 4, 11:09 am",Mothership
210,Ong Ye Kung visits NTU & NUS students on leave of absence,https://www.mothership.sg/2020/02/ong-ye-kung-visits-loa-students-ntu-nus/,"February 4, 10:48 am",Mothership
211,Chinese embassy in Israel apologises for comparing travel bans to the Holocaust,https://www.mothership.sg/2020/02/china-israel-embassy-travel-ban-holocaust-sorry/,"February 4, 10:08 am",Mothership
212,"China’s Wuhan virus death toll rises to 425, confirmed infections hit 20,438",https://www.mothership.sg/2020/02/wuhan-virus-deaths-feb-4/,"February 4, 09:41 am",Mothership
214,"Kind neighbours in Punggol leave hand sanitisers, masks & alcohol swabs in lifts for public use",https://www.mothership.sg/2020/02/neighbours-donate-hand-sanitiser-mask-lift-punggol/,"February 4, 12:49 am",Mothership
217,"Run For Hope postponed to Aug. 16, 2020 due to Wuhan virus outbreak",https://www.mothership.sg/2020/02/run-for-hope-postponed-wuhan-virus/,"February 3, 08:12 pm",Mothership
219,No new Wuhan virus cases identified in S’pore for 2nd day in a row,https://www.mothership.sg/2020/02/wuhan-new-cases-in-singapore/,"February 3, 07:43 pm",Mothership
222,"140 S’poreans still believed to be in Wuhan, govt working with China to help them: Lawrence Wong",https://www.mothership.sg/2020/02/140-singaporeans-wuhan/,"February 3, 07:05 pm",Mothership
223,Wuhan virus: Food becomes a challenge for Wuhan residents facing city lockdown,https://www.mothership.sg/2020/02/wuhan-lockdown-food/,"February 3, 06:45 pm",Mothership
224,Carouseller selling S’pore govt-issued surgical masks for S$1 each,https://www.mothership.sg/2020/02/government-masks-carousell/,"February 3, 06:33 pm",Mothership
226,"NUS & NTU students deliver food to students on leave of absence 3 times a day, every day",https://www.mothership.sg/2020/02/nus-ntu-students-deliver-food-wuhan-virus/,"February 3, 06:05 pm",Mothership
227,Masks not mailed out to S’pore households to prevent wastage: Lawrence Wong,https://www.mothership.sg/2020/02/masks-distribution-wuhan-virus/,"February 3, 06:00 pm",Mothership
228,"Govt to check on quarantined individuals through video & phone calls, spot checks",https://www.mothership.sg/2020/02/quarantine-leave-of-absence-lawrence-wong/,"February 3, 05:35 pm",Mothership
230,Chinese media highlights PM Lee’s remarks voicing support for efforts in combating Wuhan virus,https://www.mothership.sg/2020/02/china-praises-pm-lee-wuhan-virus-comments/,"February 3, 05:08 pm",Mothership
231,"800,000 out of 5.2 million free masks collected since Feb. 1",https://www.mothership.sg/2020/02/free-mask-collection-15-percent/,"February 3, 05:00 pm",Mothership
232,Guangzhou scientists discover Wuhan virus on door handle at patient’s house,https://www.mothership.sg/2020/02/wuhan-virus-door-handle/,"February 3, 04:52 pm",Mothership
234,Most travel insurers exclude coverage for Wuhan virus,https://www.mothership.sg/2020/02/wuhan-virus-travel-claims/,"February 3, 04:20 pm",Mothership
236,Gan Kim Yong: S’pore has been preparing for an infectious disease outbreak since SARS in 2003,https://www.mothership.sg/2020/02/singapore-outbreak-preparation-wuhan-virus/,"February 3, 03:52 pm",Mothership
237,6 circulating claims about Wuhan virus that you should be wary of,https://www.mothership.sg/2020/02/wuhan-virus-fake-news/,"February 3, 03:39 pm",Mothership
239,"Wuhan virus may spread from faeces to faces, a.k.a. faecal-oral transmission",https://www.mothership.sg/2020/02/wuhan-virus-excrement/,"February 3, 03:04 pm",Mothership
240,Health Minister Gan Kim Yong explains what S’pore currently knows about Wuhan virus,https://www.mothership.sg/2020/02/wuhan-virus-ministerial-statement-background/,"February 3, 03:02 pm",Mothership
241,Man runs away after leaving 500 masks for police officers in Anhui province,https://www.mothership.sg/2020/02/chinese-man-give-police-face-masks/,"February 3, 02:51 pm",Mothership
242,Thai doctors confirm mix of flu & HIV drugs effective in treating Wuhan virus,https://www.mothership.sg/2020/02/thailand-hiv-drugs-wuhan-virus-treatment/,"February 3, 12:07 pm",Mothership
243,Shanmugam: Wuhan virus situation brought out both best & worst in S’poreans,https://www.mothership.sg/2020/02/shanmugam-singaporeans-wuhan-virus/,"February 3, 07:20 am",Mothership
244,S’pore doctor who survived SARS infection shares tips on how to avoid getting Wuhan virus,https://www.mothership.sg/2020/02/leong-hoe-nam-wuhan-virus/,"February 3, 01:58 am",Mothership
245,"S’pore roads & streets really palpably quieter & emptier on Sunday, Feb. 2, 2020",https://www.mothership.sg/2020/02/wuhan-virus-china-tourists-singapore-quiet/,"February 3, 01:08 am",Mothership
246,Wuhan virus: 15 travellers refused entry into S’pore less than a day after travel restriction enforced,https://www.mothership.sg/2020/02/wuhan-virus-15-travellers-refused/,"February 2, 08:38 pm",Mothership
248,"No new Wuhan virus cases identified in S’pore as of Feb. 2, 2020",https://www.mothership.sg/2020/02/no-new-wuhan-virus/,"February 2, 08:03 pm",Mothership
249,STB to subsidise cleaning costs of hotels with confirmed & suspected Wuhan virus cases,https://www.mothership.sg/2020/02/stb-tourism-wuhan-virus/,"February 2, 05:05 pm",Mothership
250,PM Lee: Anti-China sentiments unhelpful during Wuhan coronavirus outbreak,https://www.mothership.sg/2020/02/pm-lee-teck-ghee-cny/,"February 2, 01:59 pm",Mothership
251,Workforce S’pore apologise for misunderstanding over instruction to staff not to wear face masks to avoid sending ‘wrong signal’,https://www.mothership.sg/2020/02/workforce-singapore-not-wear-mask/,"February 2, 01:44 pm",Mothership
252,"What happened in S’pore during the SARS outbreak in 2003 & how we dealt with it, explained",https://www.mothership.sg/2020/02/sars-wuhan-outbreak-explained/,"February 2, 12:54 pm",Mothership
253,The Philippines reports first death of patient with Wuhan virus outside China,https://www.mothership.sg/2020/02/first-death-philippines-wuhan-virus/,"February 2, 12:08 pm",Mothership
254,"China slams countries that ban Chinese travellers, says travel restrictions an ‘overreaction’",https://www.mothership.sg/2020/02/china-travel-restrictions-overreaction/,"February 2, 09:29 am",Mothership
255,Macau prepared 20 million face masks to sell to residents at fixed price amid Wuhan virus outbreak,https://www.mothership.sg/2020/02/macau-face-masks/,"February 2, 04:03 am",Mothership
256,DPM Heng: Govt prepared to foot part of wage costs to retrain S’pore workers to cushion economic impact of Wuhan virus,https://www.mothership.sg/2020/02/heng-swee-keat-wuhanvirus-package/,"February 1, 11:21 pm",Mothership
257,"China’s Hunan hit by H5N1 bird flu amidst Wuhan virus outbreak, over 17,000 poultry killed",https://www.mothership.sg/2020/02/china-hunan-h5n1/,"February 1, 11:11 pm",Mothership
258,"Another S’porean infected with Wuhan virus, total confirmed cases in S’pore at 18",https://www.mothership.sg/2020/02/singaporean-new-wuhan-case-numbers/,"February 1, 07:36 pm",Mothership
259,"Arrested whistleblower doctor not wrong for warning about Wuhan virus, China top court slams police",https://www.mothership.sg/2020/02/wuhan-doctor-whistleblower/,"February 1, 07:09 pm",Mothership
260,"No need to avoid places with suspected/confirmed cases of Wuhan virus, S’pore govt says",https://www.mothership.sg/2020/02/places-to-avoid-wuhanvirus/,"February 1, 05:43 pm",Mothership
261,M’sia Ministry of Health clarifies that the Wuhan virus does not make people act like zombies,https://www.mothership.sg/2020/02/malaysia-wuhan-virus-zombie/,"February 1, 05:08 pm",Mothership
263,More countries place travel restrictions on China in wake of Wuhan virus outbreak,https://www.mothership.sg/2020/02/world-travel-restrictions-china/,"February 1, 03:33 pm",Mothership
264,"ICA officers can wear masks if they need to, but biggest risk comes from hand contact: Shanmugam",https://www.mothership.sg/2020/02/shanmugam-ica-wuhan-masks/,"February 1, 03:00 pm",Mothership
265,S’pore religious leaders perform prayers for Wuhan virus victims & frontline medical staff,https://www.mothership.sg/2020/02/prayer-iro-religious-leaders-wuhan-singapore/,"February 1, 12:43 pm",Mothership
267,"Scoot suspending all flights to mainland China from Feb. 8 to March 28, 2020",https://www.mothership.sg/2020/02/scoot-suspending-flights-singapore-wuhan/,"February 1, 10:59 am",Mothership
269,"259 people have died from Wuhan virus as of Feb. 1. 11,821 cases in China, 124 abroad.",https://www.mothership.sg/2020/02/wuhan-virus-daily-updates-feb-1/,"February 1, 09:40 am",Mothership
270,In-laws of S’pore American School staff believed to be 8th & 9th confirmed cases of Wuhan virus,https://www.mothership.sg/2020/02/singapore-american-school-coronavirus/,"February 1, 01:17 am",Mothership
271,"Shoppers clean out Mustafa Centre of hand sanitisers, disinfectants & antiseptic wet wipes",https://www.mothership.sg/2020/02/mustafa-hand-sanitiser-masks/,"February 1, 12:22 am",Mothership
274,"Russia confirms 1st two cases of Wuhan virus, demand for masks increases by 13 times",https://www.mothership.sg/2020/01/russia-wuhan-coronavirus/,"January 31, 10:02 pm",Mothership
275,"1,500 SAF personnel packing 5.2 million masks for 1.37 million S’pore households",https://www.mothership.sg/2020/01/1500-saf-personnel-pack-masks/,"January 31, 09:12 pm",Mothership
276,ICA: Frontline officers don’t wear masks because risk from transient contact assessed to be ‘low’,https://www.mothership.sg/2020/01/why-ica-officers-dont-wear-masks/,"January 31, 08:22 pm",Mothership
277,"1st S’porean to be infected with Wuhan virus among 3 new cases in S’pore, was evacuated from Wuhan on Jan. 30",https://www.mothership.sg/2020/01/wuhan-new-cases-update/,"January 31, 08:14 pm",Mothership
278,"UK confirms first 2 cases of Wuhan virus, brought to Newcastle for treatment overnight",https://www.mothership.sg/2020/01/uk-first-2-cases-wuhan-virus/,"January 31, 07:55 pm",Mothership
279,New suspected case of Wuhan virus: woman who visited HarbourFront Centre clinic on Jan. 31,https://www.mothership.sg/2020/01/wuhan-virus-harbourfront-centre/,"January 31, 07:16 pm",Mothership
280,Heng Swee Keat to announce economic package to cushion impact of Wuhan virus on S’pore’s economy,https://www.mothership.sg/2020/01/heng-swee-keat-wuhan-virus-economic-package/,"January 31, 07:04 pm",Mothership
281,First human-to-human transmission of Wuhan coronavirus confirmed in Thailand,https://www.mothership.sg/2020/01/thailand-wuhan-coronavirus/,"January 31, 07:02 pm",Mothership
282,S’pore extends travel ban to all visitors who have been to mainland China in past 14 days,https://www.mothership.sg/2020/01/singapore-travel-ban-extends/,"January 31, 06:00 pm",Mothership
286,PM Lee: Glad to have POFMA to curb fake news on Wuhan virus,https://www.mothership.sg/2020/01/pm-lee-pofma-wuhan-virus/,"January 31, 05:10 pm",Mothership
287,"About 1,000 short-term temperature screener jobs in S’pore paying S$7-S$32 an hour",https://www.mothership.sg/2020/01/temperature-screeners-singapore-job-part-time/,"January 31, 04:45 pm",Mothership
289,"Danish newspaper not apologising to China over coronavirus flag, says it didn’t do anything wrong",https://www.mothership.sg/2020/01/danish-newspaper-china-flag/,"January 31, 03:34 pm",Mothership
290,Wuhan girl shares heartbreaking story about losing mother to Wuhan virus on CNY,https://www.mothership.sg/2020/01/wuhan-resident-story-mother-died/,"January 31, 03:11 pm",Mothership
293,Total number of Wuhan virus cases in South Korea hits 7,https://www.mothership.sg/2020/01/wuhan-virus-south-korea/,"January 31, 02:28 pm",Mothership
296,PM Lee: S’pore a long way from community spread if we stay vigilant,https://www.mothership.sg/2020/01/pm-lee-ncid-visit/,"January 31, 01:59 pm",Mothership
298,S’pore foreign affairs minister Vivian Balakrishnan confident China will beat Wuhan virus,https://www.mothership.sg/2020/01/mfa-china-wuhan-virus/,"January 31, 12:26 pm",Mothership
302,Ministers Gan Kim Yong & Chan Chun Sing invoke POFMA against false claims about Wuhan virus,https://www.mothership.sg/2020/01/ministers-gan-kim-yong-chan-chun-sing-invoke-pofma-against-false-claims-about-wuhan-virus/,"January 31, 11:22 am",Mothership
303,"China’s Wuhan virus death toll jumps to 213, confirmed cases reach 9,692",https://www.mothership.sg/2020/01/newest-numbers-wuhan-virus-31-jan/,"January 31, 11:06 am",Mothership
305,It’s official: WHO declares Wuhan coronavirus outbreak an international emergency,https://www.mothership.sg/2020/01/emergency-who-wuhan-coronavirus/,"January 31, 10:17 am",Mothership
308,"Scoot suspending travel to 11 China cities, SIA & SilkAir reducing capacity for flights to China",https://www.mothership.sg/2020/01/scoot-sia-silk-air-travel-to-china-update/,"January 31, 08:51 am",Mothership
310,S’pore government to foot hospital bills for all suspected & confirmed Wuhan virus cases locally,https://www.mothership.sg/2020/01/hospital-bills-wuhan-virus-government-pay/,"January 31, 12:40 am",Mothership
312,Facebook unable to put up POFMA correction notice as fake news posts about Woodlands MRT deleted,https://www.mothership.sg/2020/01/facebook-pofma-deleted-woodlands/,"January 30, 10:35 pm",Mothership
313,"11th, 12th & 13th cases of Wuhan virus confirmed in S’pore",https://www.mothership.sg/2020/01/new-wuhan-cases-singapore/,"January 30, 09:00 pm",Mothership
314,2 more suspected cases of Wuhan virus at West Coast Plaza & Sun Plaza,https://www.mothership.sg/2020/01/2-more-suspected-cases-of-wuhan-virus-at-west-coast-plaza-sun-plaza/,"January 30, 08:22 pm",Mothership
315,Teen with cerebral palsy in China died alone at home after his family quarantined,https://www.mothership.sg/2020/01/china-teen-dies-left-alone-family-quarantined/,"January 30, 07:12 pm",Mothership
316,S’pore immigration & customs officers at frontlines allegedly instructed not to wear masks at work,https://www.mothership.sg/2020/01/ica-face-masks/,"January 30, 07:06 pm",Mothership
318,MUIS: Muslims who are unwell or in quarantine can skip Friday prayers at a mosque,https://www.mothership.sg/2020/01/skip-friday-prayers-wuhan-virus/,"January 30, 06:55 pm",Mothership
322,Japan confirms first 2 cases of Wuhan virus without any signs of infection,https://www.mothership.sg/2020/01/japan-wuhan-virus-no-symptoms/,"January 30, 06:17 pm",Mothership
323,RWS staff allegedly told not to wear masks because of ‘VIP guest’s complaint’,https://www.mothership.sg/2020/01/wechat-rws-staff-wear-mask/,"January 30, 05:49 pm",Mothership
324,"Wuhan residents depart S’pore on Scoot flight on Jan. 29, 2020",https://www.mothership.sg/2020/01/wuhan-residents-leave-singapore-scoot/,"January 30, 05:43 pm",Mothership
326,Taeyeon & NCT Dream’s upcoming S’pore concerts indefinitely postponed due to Wuhan virus,https://www.mothership.sg/2020/01/taeyon-nct-dream-singapore-concert-cancelled/,"January 30, 05:18 pm",Mothership
327,Suspected case at Tiong Bahru baby clinic tests negative for Wuhan coronavirus,https://www.mothership.sg/2020/01/wuhan-virus-sbcc-tiong-bahru/,"January 30, 04:43 pm",Mothership
330,Wuhan virus has spread to every region in China,https://www.mothership.sg/2020/01/wuhan-coronavirus-china-tibet/,"January 30, 03:47 pm",Mothership
331,Suspected case of Wuhan virus at clinic in Bukit Panjang Hillion Mall on Jan. 29,https://www.mothership.sg/2020/01/suspected-case-bukit-panjang-hillion/,"January 30, 02:09 pm",Mothership
332,WHO reconsidering to declare Wuhan virus outbreak as global health emergency,https://www.mothership.sg/2020/01/wuhan-coronavirus-who/,"January 30, 01:57 pm",Mothership
333,S’pore govt will work with community leaders to distribute masks to S’pore’s homeless,https://www.mothership.sg/2020/01/homeless-singapore-wuhan/,"January 30, 01:37 pm",Mothership
334,Some S’poreans in Wuhan unable to fly back to S’pore because they already had symptoms,https://www.mothership.sg/2020/01/singaporeans-stuck-in-wuhan/,"January 30, 01:22 pm",Mothership
335,Govt will inspect & question scalpers who profiteer from reselling face masks,https://www.mothership.sg/2020/01/govt-scalpers-wuhan/,"January 30, 01:12 pm",Mothership
336,5.2 million free masks will be distributed to 1.37 million households in S’pore,https://www.mothership.sg/2020/01/masks-distribution-singapore/,"January 30, 12:59 pm",Mothership
337,"Jetstar Asia suspending S’pore-Hong Kong flights, no plans to resume",https://www.mothership.sg/2020/01/jetstar-singapore-hong/,"January 30, 12:16 pm",Mothership
338,92 S’poreans just returned home from Wuhan on Scoot flight: MFA,https://www.mothership.sg/2020/01/singaporeans-return-from-wuhan-scoot/,"January 30, 12:14 pm",Mothership
339,Ikea S’pore screening kids for fever & denying them entry into playground,https://www.mothership.sg/2020/01/ikea-kids-fever/,"January 30, 11:42 am",Mothership
340,"Newest numbers from Wuhan virus: 38 more deaths, 170 dead in total, 7,711 confirmed cases",https://www.mothership.sg/2020/01/newest-numbers-from-wuhan-virus-38-more-deaths-170-dead-in-total-7771-confirmed-cases/,"January 30, 09:47 am",Mothership
343,10 confirmed Wuhan virus cases in 7 days: Timeline of S’pore’s first week with the virus,https://www.mothership.sg/2020/01/wuhan-10-cases-singapore/,"January 29, 11:03 pm",Mothership
345,Live animal trade & consumption isn’t limited to China. It’s still happening all over the world.,https://www.mothership.sg/2020/01/global-wildlife-trade/,"January 29, 09:46 pm",Mothership
347,"MOH confirms 3 new cases of Wuhan virus, 10 cases in total, all 3 showed no symptoms during flight",https://www.mothership.sg/2020/01/moh-new-case-wuhan/,"January 29, 07:36 pm",Mothership
348,Bangkok most in danger of deadly Wuhan virus as it gets many travellers from China,https://www.mothership.sg/2020/01/bangkok-wuhan-virus-high-risk/,"January 29, 06:38 pm",Mothership
350,People under quarantine in China invent ways to stave off boredom,https://www.mothership.sg/2020/01/chinese-quarantine-home-what-to-do/,"January 29, 06:03 pm",Mothership
351,2 in 5 S’poreans not afraid of contracting Wuhan virus: YouGov poll,https://www.mothership.sg/2020/01/wuhan-virus-singapore-poll/,"January 29, 05:59 pm",Mothership
352,Haidilao & Starbucks closing outlets in China amid Wuhan virus concerns,https://www.mothership.sg/2020/01/haidilao-starbucks-close-china-wuhan-virus/,"January 29, 04:46 pm",Mothership
353,British Airways suspends all direct flights to & from China,https://www.mothership.sg/2020/01/british-airways-cancel-flights-china/,"January 29, 04:14 pm",Mothership
355,"Ho Ching: Wash hands more often, wear a mask if you’re unwell to fight the Wuhan virus",https://www.mothership.sg/2020/01/ho-ching-wuhan-virus-advice/,"January 29, 03:20 pm",Mothership
356,"Scoot giving refunds & allowing passengers to re-book flights to China, HK & Macau",https://www.mothership.sg/2020/01/scoot-refund-wuhan/,"January 29, 03:07 pm",Mothership
357,Irish man films himself heading out to the empty streets of Wuhan to stock up on food,https://www.mothership.sg/2020/01/irish-man-wuhan-empty/,"January 29, 02:29 pm",Mothership
358,"Carrie Lam wears face mask wrongly at press conference, months after banning face masks",https://www.mothership.sg/2020/01/carrie-lam-wear-face-mask-wrongly/,"January 29, 02:10 pm",Mothership
359,Lady spotted at Vancouver airport with water bottle over head in DIY attempt at mask,https://www.mothership.sg/2020/01/vancouver-airport-water-bottle/,"January 29, 02:00 pm",Mothership
360,President Halimah Yacob urges S’poreans to squash rumours about Wuhan virus,https://www.mothership.sg/2020/01/halimah-yacob-wuhan-virus/,"January 29, 01:45 pm",Mothership
361,Australians in Wuhan to be evacuated & quarantined on Christmas Island,https://www.mothership.sg/2020/01/australia-wuhan-christmas-island/,"January 29, 01:27 pm",Mothership
363,"Yishun shop sells surgical masks at S$1.30 per piece, 5.5 times the price on other platforms",https://www.mothership.sg/2020/01/nippon-home-masks-390-per-piece/,"January 29, 12:47 pm",Mothership
364,FairPrice: Message claiming face masks at Unity Pharmacy selling at specific timings is fake news,https://www.mothership.sg/2020/01/wuhan-virus-unity-masks-stock-timing/,"January 29, 12:06 pm",Mothership
365,China demands apology over coronavirus flag cartoon by Danish newspaper,https://www.mothership.sg/2020/01/denmark-china-coronavirus-cartoon/,"January 29, 11:59 am",Mothership
366,"Beijing drug store fined S$587,164 for hiking price of masks amid coronavirus outbreak",https://www.mothership.sg/2020/01/beijing-drug-store-up-mask-prices/,"January 29, 11:53 am",Mothership
367,"People are Googling ‘Corona beer virus’, seem to think novel coronavirus is related to lager",https://www.mothership.sg/2020/01/corona-beer-virus/,"January 29, 11:48 am",Mothership
368,"China announces 25 more deaths from Wuhan virus. 5,974 confirmed cases, 1,239 patients in critical condition.",https://www.mothership.sg/2020/01/wuhan-deaths-update-6000/,"January 29, 09:32 am",Mothership
369,JJ Lin & Stefanie Sun co-write moving song to cheer on those battling against Wuhan virus,https://www.mothership.sg/2020/01/jj-lin-stefanie-sun-wuhan-virus/,"January 29, 01:49 am",Mothership
370,87-year-old woman in Wuhan discharged after recovering from Wuhan virus,https://www.mothership.sg/2020/01/87-year-old-wuhan-woman-recover-coronavirus/,"January 29, 12:28 am",Mothership
371,MOH to give S$100 a day to employers for each quarantined worker,https://www.mothership.sg/2020/01/quarantine-allowance-moh/,"January 29, 12:17 am",Mothership
372,Workers’ Party gives government’s Wuhan virus task force ‘its full support’,https://www.mothership.sg/2020/01/workers-party-wuhan-virus/,"January 28, 11:56 pm",Mothership
373,MOM to reject all new work pass applications from foreign workers from Hubei,https://www.mothership.sg/2020/01/mom-reject-work-pass-hubei/,"January 28, 11:54 pm",Mothership
374,S’pore Food Agency on Wuhan virus: S’pore does not import livestock or raw meat from China,https://www.mothership.sg/2020/01/singapore-food-wuhan-virus/,"January 28, 11:25 pm",Mothership
375,Amara S’pore: No suspected or confirmed cases of Wuhan virus at hotel premises,https://www.mothership.sg/2020/01/amara-singapore-no-wuhan-virus/,"January 28, 10:52 pm",Mothership
376,"Deferment for NSmen & Pre-Enlistees who have travelled to China: MINDEF, MHA",https://www.mothership.sg/2020/01/mha-mindef-wuhan/,"January 28, 10:18 pm",Mothership
377,"Crescent Girls’ alumna in Wuhan shares community’s plight, draws mixed reactions from readers",https://www.mothership.sg/2020/01/wuhan-situation/,"January 28, 09:36 pm",Mothership
378,Philippines stops issuing visas on arrival to Chinese nationals amidst Wuhan virus scare,https://www.mothership.sg/2020/01/philippines-stops-chinese-visas-on-arrival/,"January 28, 09:35 pm",Mothership
379,"Novel coronavirus more infectious than SARS but less fatal: PM Lee, Lawrence Wong",https://www.mothership.sg/2020/01/lawrence-wong-wuhan-virus-sars/,"January 28, 09:11 pm",Mothership
380,Outward Bound Singapore Pulau Ubin camps converted into Wuhan virus quarantine facility,https://www.mothership.sg/2020/01/outward-bound-singapore-quarantine/,"January 28, 08:45 pm",Mothership
381,Facebook issued POFMA correction direction after 2 users alleged Woodlands MRT closed due to Wuhan virus,https://www.mothership.sg/2020/01/pofma-wuhan-virus-woodlands-mrt/,"January 28, 08:39 pm",Mothership
382,"Tan Chuan-Jin criticises HK protesters for destroying designated quarantine facility, urges S’poreans not to develop NIMBY-ism",https://www.mothership.sg/2020/01/tan-chuan-jin-nimby-wuhan/,"January 28, 08:24 pm",Mothership
383,Website tracks global spread of Wuhan coronavirus in visual way,https://www.mothership.sg/2020/01/website-wuhan-virus-track-update/,"January 28, 08:08 pm",Mothership
384,PM Lee advises S’poreans on ways to not spread Wuhan virus & irresponsible rumours,https://www.mothership.sg/2020/01/pm-lee-wuhan/,"January 28, 07:34 pm",Mothership
385,Sufficient supply of masks in S’pore if we use them ‘sensibly’ & ‘responsibly’: Lam Pin Min,https://www.mothership.sg/2020/01/mask-supply-singapore/,"January 28, 07:05 pm",Mothership
386,Dog stops owner from going to Wuhan before severe outbreak by eating her passport,https://www.mothership.sg/2020/01/dog-eat-passport-wuhan/,"January 28, 05:07 pm",Mothership
387,"Ex-NMP Calvin Cheng says if S’pore bans China travellers, other countries can do the same to us",https://www.mothership.sg/2020/01/calvin-cheng-singapore-ban-china-travellers/,"January 28, 04:46 pm",Mothership
388,"6th & 7th case of Wuhan virus confirmed in S’pore, both are Chinese nationals from Wuhan",https://www.mothership.sg/2020/01/6th-7th-wuhan-virus-singapore/,"January 28, 04:16 pm",Mothership
389,"MOH: Hubei travellers denied entry into S’pore from Jan. 29, 12pm",https://www.mothership.sg/2020/01/enhanced-security-measures-hubei-travellers/,"January 28, 04:15 pm",Mothership
390,"Over 100,000 sign online petition calling for ban on Chinese nationals entering S’pore over Wuhan virus fears",https://www.mothership.sg/2020/01/over-100000-sign-online-petition-calling-for-ban-on-chinese-nationals-entering-spore-over-wuhan-virus-fears/,"January 28, 02:41 pm",Mothership
391,"Thailand confirms 6 more Wuhan virus infections, total of 14 cases",https://www.mothership.sg/2020/01/thailand-wuhan-virus-new-cases/,"January 28, 02:25 pm",Mothership
392,Videos show Chinese premier Li Keqiang visiting hospital staff & leading efforts in Wuhan,https://www.mothership.sg/2020/01/li-keqiang-wuhan/,"January 28, 02:17 pm",Mothership
393,Watsons & FairPrice slap quota on number of masks each customer in S’pore can buy,https://www.mothership.sg/2020/01/watsons-fairprice-slap-quota-on-number-of-masks-each-customer-in-spore-can-buy/,"January 28, 01:56 pm",Mothership
394,"Wuhan virus: More than 65% increase in confirmed cases, death toll spikes to 106",https://www.mothership.sg/2020/01/wuhan-coronavirus-spike/,"January 28, 01:43 pm",Mothership
395,1st case of Wuhan virus confirmed in Germany,https://www.mothership.sg/2020/01/wuhan-virus-germany/,"January 28, 11:25 am",Mothership
396,"5th case of Wuhan virus confirmed in S’pore: Woman, 56, stayed at Ceylon Road prior to isolation",https://www.mothership.sg/2020/01/wuhan-virus-singapore-5th-case/,"January 28, 12:32 am",Mothership
397,PSP’s Tan Cheng Bock: Let’s not have any blame game & work as a team to contain the Wuhan virus,https://www.mothership.sg/2020/01/psp-tan-cheng-bock-wuhan-virus/,"January 27, 10:19 pm",Mothership
398,Cambodia confirms 1st case of Wuhan virus,https://www.mothership.sg/2020/01/cambodia-wuhan-virus/,"January 27, 09:56 pm",Mothership
399,M’sia to temporarily suspend immigration visas to Chinese nationals from Hubei province over Wuhan virus concerns,https://www.mothership.sg/2020/01/malaysia-suspend-visa-china-wuhan-hubei/,"January 27, 07:25 pm",Mothership
401,"18 S’pore residents & 10 Scoot staff isolated in Hangzhou have returned to S’pore, extra precautions taken",https://www.mothership.sg/2020/01/scoot-tr188-hangzhou-isolation-return/,"January 27, 05:46 pm",Mothership
402,MOH: Individual at Compass One attended to by paramedics is not linked to Wuhan virus,https://www.mothership.sg/2020/01/wuhan-compass-one-moh/,"January 27, 04:32 pm",Mothership
403,DPM Heng: Govt will spare no effort to keep S’poreans safe from Wuhan virus,https://www.mothership.sg/2020/01/heng-swee-keat-wuhan-virus/,"January 27, 03:10 pm",Mothership
404,"Surgical & N95 masks resold on Carousell, as high as S$288 for box of 20",https://www.mothership.sg/2020/01/surgical-mask-n95-carousell/,"January 27, 02:47 pm",Mothership
405,"Ong Ye Kung: NUS, SMU & NTU hostels converted to Wuhan virus quarantine facilities, S’porean students encouraged to stay home",https://www.mothership.sg/2020/01/ntu-smu-nus-hostel-wuhan-virus-quarantine/,"January 27, 01:29 pm",Mothership
406,Wuhan virus: Chingay & River Hongbao events will go on with extra measures & temp. screening,https://www.mothership.sg/2020/01/community-events-chingay-wuhan-virus/,"January 27, 12:33 pm",Mothership
407,Students & staff from MOE schools returning from mainland China to get 14 days leave of absence,https://www.mothership.sg/2020/01/leave-of-absence-moe-students/,"January 27, 11:50 am",Mothership
408,Wuhan virus: Travellers on all flights arriving at Changi to be temperature screened from Jan. 29,https://www.mothership.sg/2020/01/wuhan-virus-all-flights-temperature-screened-changi/,"January 27, 11:49 am",Mothership
410,"Over 25,000 sign online petition calling for ban on Chinese nationals entering S’pore over fears of Wuhan virus",https://www.mothership.sg/2020/01/singapore-petition-ban-chinese-nationals-wuhan-virus/,"January 27, 08:24 am",Mothership
411,HardwareZone forum post about Wuhan virus S’pore death rumour slapped with POFMA correction direction,https://www.mothership.sg/2020/01/hwz-pofma-wuhan-virus-death-rumour/,"January 27, 03:51 am",Mothership
412,"5 million people left Wuhan before lockdown & 1,000 new cases expected in the city",https://www.mothership.sg/2020/01/wuhan-5-million-left/,"January 27, 03:17 am",Mothership
413,Some NUS & NTU residents evicted via email as campus housing converted into Wuhan virus quarantine facilities,https://www.mothership.sg/2020/01/nus-ntu-quarantine-wuhan-virus/,"January 27, 02:19 am",Mothership
414,Hong Kong bans anyone who has been to Hubei province in last 14 days,https://www.mothership.sg/2020/01/hong-kong-ban-wuhan/,"January 27, 12:00 am",Mothership
415,"4th person infected with Wuhan virus in S’pore took public transport, but risk of infection ‘low’: MOH",https://www.mothership.sg/2020/01/wuhan-virus-92-suspect-cases/,"January 26, 09:47 pm",Mothership
416,Online shopping parcels from China delivered to you unlikely to spread Wuhan virus,https://www.mothership.sg/2020/01/online-delivery-china-wuhan-virus/,"January 26, 09:40 pm",Mothership
417,Duke-NUS Medical School team discovers why bats make perfect hosts for deadly viruses like SARS,https://www.mothership.sg/2020/01/why-bat-virus-wuhan/,"January 26, 09:04 pm",Mothership
418,China bans wildlife trade nationwide in a bid to contain Wuhan virus,https://www.mothership.sg/2020/01/china-bans-wildlife-trade/,"January 26, 08:50 pm",Mothership
419,"Wuhan resident questions Chinese govt, says inaction cost many lives",https://www.mothership.sg/2020/01/china-wuhan-resident-speaks-out/,"January 26, 08:05 pm",Mothership
420,Doctor in China caught on camera claiming Wuhan virus cases under-reported,https://www.mothership.sg/2020/01/doctor-china-wuhan-virus-under-reported/,"January 26, 05:41 pm",Mothership
421,M’sia police detain Chinese parents who dodged quarantine with toddler & escaped from hospital,https://www.mothership.sg/2020/01/malaysia-detain-chinese-parents-quarantine/,"January 26, 05:02 pm",Mothership
422,Chinese travel show host apologises for eating a bat on camera in 2016 in wake of Wuhan virus,https://www.mothership.sg/2020/01/chinese-eat-bat-sorry/,"January 26, 03:07 pm",Mothership
423,Each person infected with Wuhan virus passes it on to 2 to 3 others on average,https://www.mothership.sg/2020/01/wuhan-virus-spread-rate/,"January 26, 02:35 pm",Mothership
424,"207,000 sign online petition to ban Chinese nationals from entering M’sia for fear of Wuhan virus",https://www.mothership.sg/2020/01/petition-ban-china-chinese-malaysia/,"January 26, 12:38 pm",Mothership
425,3 doctors in Beijing reportedly infected with Wuhan virus,https://www.mothership.sg/2020/01/beijing-doctors-wuhan-virus/,"January 26, 11:54 am",Mothership
426,MOH: No one has died from Wuhan coronavirus in S’pore,https://www.mothership.sg/2020/01/moh-debunk-wuhan-virus/,"January 26, 11:17 am",Mothership
427,"Wuhan virus toll rises, 56 dead & 1,975 confirmed infections in China",https://www.mothership.sg/2020/01/wuhan-virus-jan-26-update/,"January 26, 10:50 am",Mothership
428,CGTN video shows mostly empty streets & residents stocking up on groceries in Wuhan,https://www.mothership.sg/2020/01/china-cgtn-video-wuhan-empty/,"January 26, 04:09 am",Mothership
429,Chinese citizens joke online about contributing to the nation just by lying down at home,https://www.mothership.sg/2020/01/chinese-contribute-nation-joke-meme/,"January 26, 04:01 am",Mothership
430,"Hong Kong declares Wuhan virus as ’emergency’, closes schools & cancels major events",https://www.mothership.sg/2020/01/hongkong-wuhan-virus-emergency/,"January 26, 03:56 am",Mothership
431,M’sia confirms 4th case of Wuhan virus,https://www.mothership.sg/2020/01/malaysia-4th-case-wuhan-virus/,"January 26, 03:49 am",Mothership
432,"MOH confirms 4th case of Wuhan virus in S’pore, isolated at Sengkang General Hospital",https://www.mothership.sg/2020/01/wuhan-singapore-4th/,"January 26, 12:54 am",Mothership
433,No new cases of Wuhan virus in S’pore after 3 confirmed cases: MOH,https://www.mothership.sg/2020/01/wuhan-virus-cases-singapore-update-jan-26/,"January 26, 12:06 am",Mothership
434,"Death, endless patients & breakdowns: What Wuhan’s medical front liners have to face",https://www.mothership.sg/2020/01/wuhan-overworked-cant-take-it/,"January 25, 11:08 pm",Mothership
435,Beijing to suspend all inter-province bus services on Jan. 26,https://www.mothership.sg/2020/01/beijing-suspends-buses/,"January 25, 10:45 pm",Mothership
436,"S’pore biotech firm to launch Wuhan virus detection kit by Feb. 1, 2020",https://www.mothership.sg/2020/01/wuhan-detection-kit-singapore/,"January 25, 10:17 pm",Mothership
437,S’pore Airlines to waive cancellation & change fees for tickets to China purchased before Jan. 24,https://www.mothership.sg/2020/01/sia-tickets-waive-china/,"January 25, 08:36 pm",Mothership
438,"The Philippines ban flights to Wuhan, repatriates 464 Wuhan tourists back to China",https://www.mothership.sg/2020/01/philippines-wuhan-ban/,"January 25, 07:29 pm",Mothership
439,S’pore to prepare chalets as quarantine centres for Wuhan coronavirus,https://www.mothership.sg/2020/01/singapore-chalet-quarantine-wuhan-virus/,"January 25, 06:08 pm",Mothership
443,"All passengers & crew on Scoot flight from S’pore to China isolated, 1 sent for further blood test",https://www.mothership.sg/2020/01/scoot-wuhan-singapore/,"January 25, 03:46 pm",Mothership
444,3 medical students among the 35 S’poreans in Wuhan,https://www.mothership.sg/2020/01/3-singaporean-students-in-wuhan/,"January 25, 03:31 pm",Mothership
445,2-year-old girl is youngest confirmed case of Wuhan virus,https://www.mothership.sg/2020/01/2-year-old-wuhan-virus-confirmed/,"January 25, 02:49 pm",Mothership
446,"Rumours of over 100 Wuhan travellers denied entry into S’pore untrue, says ICA",https://www.mothership.sg/2020/01/wuhan-traveller-denied-entry-untrue-ica/,"January 25, 02:22 pm",Mothership
447,"M’sia confirms 3 cases of Wuhan virus, all related to S’pore’s 1st case",https://www.mothership.sg/2020/01/malaysia-wuhan-virus/,"January 25, 12:38 pm",Mothership
448,"Doctor, 62, at the ‘front line’ of the Wuhan virus outbreak has died from the virus",https://www.mothership.sg/2020/01/wuhan-doctor-die/,"January 25, 12:22 pm",Mothership
450,"France confirms 3 cases of Wuhan coronavirus, 1st in Europe",https://www.mothership.sg/2020/01/france-wuhan-coronavirus/,"January 25, 10:44 am",Mothership
451,35 S’poreans are among the 11 million prevented from leaving Wuhan,https://www.mothership.sg/2020/01/singaporeans-in-wuhan/,"January 25, 10:17 am",Mothership
452,Video allegedly shows doctor in Wuhan breaking down over concerns of lack of hospital resources,https://www.mothership.sg/2020/01/wuhan-doctor-breakdown/,"January 25, 03:30 am",Mothership
453,Nepal confirms first case of Wuhan coronavirus,https://www.mothership.sg/2020/01/nepal-wuhan-pneumonia-virus/,"January 25, 12:41 am",Mothership
455,8 people who came into contact with first Wuhan pneumonia case in S’pore isolated in JB hotel,https://www.mothership.sg/2020/01/wuhan-pneumonia-johor-bahru-8/,"January 24, 08:09 pm",Mothership
457,"Netflix drops ‘Pandemic’ docu show amid Wuhan crisis, & a game called ‘Plague Inc.’ is top on App store",https://www.mothership.sg/2020/01/netflix-pandemic-plague-inc/,"January 24, 04:42 pm",Mothership
458,"Grab S’pore stockpiling masks & disinfectant, reminds drivers to disinfect vehicles regularly",https://www.mothership.sg/2020/01/grab-singapore-measures-wuhan-disinfectant/,"January 24, 04:41 pm",Mothership
460,"SMRT to provide hand sanitisers at all MRT stations & bus interchanges, steps up precautions for staff",https://www.mothership.sg/2020/01/wuhan-virus-smrt/,"January 24, 04:01 pm",Mothership
461,"Couple allegedly abandoned children at Nanjing airport to board plane, after child discovered with fever",https://www.mothership.sg/2020/01/nanjing-airport-children-abandoned/,"January 24, 03:57 pm",Mothership
462,"ICA building closed over CNY period, travellers who need to extend stay in S’pore can apply online",https://www.mothership.sg/2020/01/apply-for-travel-extension-singapore-ica/,"January 24, 03:51 pm",Mothership
463,"S’pore confirms 2 more cases of Wuhan coronavirus, 3rd in 2 days",https://www.mothership.sg/2020/01/wuhan-singapore-how-many-cases/,"January 24, 03:07 pm",Mothership
465,"China building 1,000-bed hospital in 6 days to treat coronavirus patients",https://www.mothership.sg/2020/01/china-build-hospital-6-days/,"January 24, 01:28 pm",Mothership
466,Man with symptoms of pneumonia in Simei taken to Tan Tock Seng hospital for observation,https://www.mothership.sg/2020/01/simei-eastpoint-pneumonia-symptoms/,"January 24, 01:14 pm",Mothership
467,"Before global outbreak of Wuhan virus, Guangzhou residents said: ‘No masks! We trust the govt!’",https://www.mothership.sg/2020/01/before-global-outbreak-of-wuhan-virus-guangzhou-residents-said-no-masks-we-trust-the-govt/,"January 24, 01:03 pm",Mothership
468,Chinese state media CGTN reporter panned for asking basic question at press conference,https://www.mothership.sg/2020/01/news-china-wuhan-cgtn-reporter/,"January 24, 11:52 am",Mothership
470,"ICA to implement temperature screening at Woodlands & Tuas checkpoints from Jan. 24, 2020",https://www.mothership.sg/2020/01/ica-temperature-check-woodlands-tuas-wuhan-virus/,"January 24, 11:01 am",Mothership
471,PM Lee’s 2020 CNY message: Strong families make for a strong nation,https://www.mothership.sg/2020/01/pm-lee-2020-cny-message/,"January 24, 10:59 am",Mothership
473,"Chinese health expert: Wuhan virus symptoms appear within 7 days, on average",https://www.mothership.sg/2020/01/wuhan-coronavirus-symptoms/,"January 24, 08:53 am",Mothership
474,Chinese state media People’s Daily slammed for claiming a ‘herbal drink’ can prevent Wuhan virus,https://www.mothership.sg/2020/01/people-daily-herbal-drink-wuhan-virus-criticised/,"January 24, 12:50 am",Mothership
475,Shangri-La Sentosa guests demand to know which floor infected man stayed & why they weren’t informed of virus earlier,https://www.mothership.sg/2020/01/shangri-la-wuhan-floor/,"January 23, 11:37 pm",Mothership
476,Things S’poreans should know this Wuhan pneumonia virus season to enhance survival rate,https://www.mothership.sg/2020/01/wuhan-pneumonia-virus-updates/,"January 23, 11:29 pm",Mothership
477,"Screening of 4 Chinese movies delayed in S’pore cinemas due to Wuhan virus, customers to be refunded",https://www.mothership.sg/2020/01/chinese-movies-delayed-cinemas/,"January 23, 11:25 pm",Mothership
478,Vietnam confirms 2 cases of Wuhan coronavirus,https://www.mothership.sg/2020/01/vietnam-wuhan-virus/,"January 23, 11:17 pm",Mothership
479,MOE: No student trips planned to China for February,https://www.mothership.sg/2020/01/moe-student-trips-china-wuhan/,"January 23, 11:08 pm",Mothership
480,4 Shangri-La Sentosa staff quarantined after contact with 66-year-old man infected with Wuhan virus,https://www.mothership.sg/2020/01/shangri-la-wuhan/,"January 23, 10:51 pm",Mothership
481,PM Lee: S’pore needs to be operationally ready & psychologically prepared for Wuhan virus,https://www.mothership.sg/2020/01/pm-lee-wuhan-virus-davos/,"January 23, 10:02 pm",Mothership
483,MOH confirms 1st case of Wuhan virus in S’pore,https://www.mothership.sg/2020/01/moh-confirms-1st-case-of-wuhan-virus-in-spore/,"January 23, 09:27 pm",Mothership
484,"Outrageous menu from Wuhan’s market shows live deer, peacocks, wolf pups & over 100 wild animals on sale",https://www.mothership.sg/2020/01/wild-animal-wuhan-market/,"January 23, 07:34 pm",Mothership
485,"China locks down 2 more cities after Wuhan, about 19 million people affected",https://www.mothership.sg/2020/01/china-lock-down-2-cities-wuhan/,"January 23, 07:23 pm",Mothership
488,Wuhan virus found in patients with no travel history to Wuhan,https://www.mothership.sg/2020/01/no-travel-history-to-wuhan/,"January 23, 04:37 pm",Mothership
494,"Wuhan nurses in isolation ward share hectic schedule during outbreak, refuse to quit despite danger",https://www.mothership.sg/2020/01/wuhan-nurses-isolation-ward/,"January 23, 12:46 pm",Mothership
495,MSF reminds parents not to send sick children to school in Wuhan pneumonia advisory,https://www.mothership.sg/2020/01/msf-preschool-wuhan-pneumonia/,"January 23, 11:17 am",Mothership
496,Snakes now pinpointed as likely source of China’s coronavirus,https://www.mothership.sg/2020/01/snakes-wuhan-pneumonia/,"January 23, 10:40 am",Mothership
498,"11 million people prevented from leaving as Wuhan shuts down public transport, outbound flights",https://www.mothership.sg/2020/01/wuhan-lockdown/,"January 23, 09:07 am",Mothership
501,"S’poreans buy up N95 masks by the box, experts in S’pore recommend surgical masks instead",https://www.mothership.sg/2020/01/n95-mask-pneumonia/,"January 23, 12:23 am",Mothership
503,"3 new individuals in S’pore suspected of Wuhan pneumonia, 1 is 78-year-old S’pore resident",https://www.mothership.sg/2020/01/3-new-wuhan-pneumonia-suspect-cases-singapore/,"January 22, 10:15 pm",Mothership
506,"MOH issues travel advisory for Wuhan, recommends caution when travelling to rest of China",https://www.mothership.sg/2020/01/moh-wuhan-travel-advisory/,"January 22, 08:04 pm",Mothership
509,N95 masks sold out at several pharmacy outlets across S’pore,https://www.mothership.sg/2020/01/n95-wuhan/,"January 22, 06:48 pm",Mothership
516,"China says Wuhan pneumonia virus mutating, originated from market that kept illegal wildlife",https://www.mothership.sg/2020/01/wuhan-virus-mutating/,"January 22, 04:04 pm",Mothership
517,"Wuhan pneumonia coronavirus has same ‘ancestor’ as SARS, animals suspected to be source",https://www.mothership.sg/2020/01/wuhan-pneumonia-wildlife-bats/,"January 22, 03:49 pm",Mothership
521,North Korea bans all tourists over Wuhan virus outbreak,https://www.mothership.sg/2020/01/north-korea-wuhan-virus-tourist-ban/,"January 22, 02:12 pm",Mothership
523,Japanese store puts up sign barring Chinese customers from entering due to Wuhan pneumonia fear,https://www.mothership.sg/2020/01/japan-wuhan-pneumonia/,"January 22, 01:30 pm",Mothership
524,"Chinese pulmonologist, 84, who discovered SARS virus in 2003, heads to Wuhan to fight new virus",https://www.mothership.sg/2020/01/zhong-nanshan-wuhan-pneumonia/,"January 22, 12:24 pm",Mothership
527,"Wuhan virus update: 9 dead, over 400 infected, cases now confirmed in US & Taiwan",https://www.mothership.sg/2020/01/wuhan-whats-happening-now/,"January 22, 11:25 am",Mothership
537,Wuhan pneumonia outbreak not as serious as SARS: China expert,https://www.mothership.sg/2020/01/china-sars-wuhan-pneumonia/,"January 21, 05:38 pm",Mothership
546,"200+ cases of Wuhan pneumonia in China, 4 dead. It might get a lot worse after Chinese New Year.",https://www.mothership.sg/2020/01/wuhan-pneumonia-getting-worse/,"January 21, 12:23 pm",Mothership
555,"Lam Pin Min: MOH closely monitoring pneumonia situation, screening all airport arrivals from China",https://www.mothership.sg/2020/01/lam-pin-min-wuhan-pneumonia/,"January 20, 09:42 pm",Mothership
566,1st case of Wuhan pneumonia coronavirus confirmed in South Korea,https://www.mothership.sg/2020/01/south-korea-wuhan-virus/,"January 20, 03:34 pm",Mothership
587,"China reports 4 more cases of Wuhan pneumonia, researchers believe over 1,700 infected",https://www.mothership.sg/2020/01/china-wuhan-pneumonia-4-cases-thousands-infected/,"January 18, 10:52 pm",Mothership
588,"52-year-old S’pore resident suspected of Wuhan pneumonia, admitted for further assessment",https://www.mothership.sg/2020/01/wuhan-pneumonia-new-case-suspected/,"January 18, 10:24 pm",Mothership
598,2 more people in S’pore suspected to have Wuhan pneumonia,https://www.mothership.sg/2020/01/wuhan-pneumonia-singapore-two-patients/,"January 17, 11:38 pm",Mothership
617,69-year-old man with Wuhan travel history is 1st S’porean suspected to have Wuhan pneumonia,https://www.mothership.sg/2020/01/wuhan-pneumonia-first-singaporean/,"January 16, 07:21 pm",Mothership
655,Thailand confirms first case of Wuhan pneumonia virus outside China,https://www.mothership.sg/2020/01/thailand-wuhan-virus/,"January 14, 05:52 pm",Mothership
686,Wuhan pneumonia may be linked to virus that caused SARS,https://www.mothership.sg/2020/01/wuhan-pneumonia-link-to-sars/,"January 12, 12:59 pm",Mothership
697,China reports first death from Wuhan pneumonia virus,https://www.mothership.sg/2020/01/wuhan-man-pneumonia-dies/,"January 11, 11:34 am",Mothership
700,"New case of pneumonia found in S’pore: Chinese national, 26, with travel history to Wuhan",https://www.mothership.sg/2020/01/chinese-national-isolated-coronavirus-wuhan/,"January 10, 07:37 pm",Mothership
803,MOH: 3-year-old girl with pneumonia not linked to outbreak in Wuhan,https://www.mothership.sg/2020/01/first-suspect-case-wuhan-pneumonia-singapore-no-link/,"January 6, 12:35 am",Mothership
845,"MOH warns pneumonia outbreak in Wuhan, temperature checks to be implemented at Changi Airport from Jan. 3, 2020",https://www.mothership.sg/2020/01/pneumonia-outbreak-wuhan-china/,"January 2, 11:30 pm",Mothership
