"Title (From 1 Jan 2020, 12:00AM to 6 Feb 2020, 5:56 PM)",Source Link,Time of the post,Source Name
Travellers arriving at Changi Airport from Wuhan to undergo temperature screening after pneumonia outbreak,https://www.straitstimes.com/singapore/ministry-of-health-issues-advisory-on-viral-pneumonia-outbreak-in-chinas-wuhan,"JAN 2, 2020, 9:01 PM",The Straits Times
"No need to avoid visiting Wuhan but take precautions amid pneumonia outbreak, say Singapore experts",https://www.straitstimes.com/singapore/no-need-to-avoid-visiting-wuhan-but-take-precautions-say-singapore-experts,"JAN 3, 2020, 7:31 PM",The Straits Times
3-year-old girl with pneumonia and travel history to Wuhan is not linked to outbreak in China: MOH,https://www.straitstimes.com/singapore/3-year-old-girl-with-pneumonia-and-travel-history-to-wuhan-is-not-linked-to-outbreak-in,"JAN 5, 2020, 8:08 PM",The Straits Times
Wuhan pneumonia outbreak: China rules out Sars as source; WHO says no evidence of human-to-human transmission,https://www.straitstimes.com/asia/east-asia/wuhan-pneumonia-outbreak-china-says-no-human-to-human-transmission-as-it-hunts-for,"JAN 6, 2020, 11:51 AM",The Straits Times
"Wuhan pneumonia outbreak may be linked to new type of virus from same family as Sars, Mers: WHO",https://www.straitstimes.com/asia/east-asia/wuhan-pneumonia-outbreak-may-be-linked-to-new-type-of-virus-who,"JAN 9, 2020, 8:54 AM",The Straits Times
Wuhan flu caused by new coronavirus: More about the pathogen behind the outbreak,https://www.straitstimes.com/asia/east-asia/wuhan-flu-caused-by-new-coronavirus-more-about-the-pathogen-behind-the-outbreak,"JAN 10, 2020, 8:53 AM",The Straits Times
Second suspected case of Wuhan virus in Singapore tests negative,https://www.straitstimes.com/singapore/health/second-suspected-case-of-wuhan-virus-in-singapore-tests-negative,"JAN 11, 2020, 9:01 PM",The Straits Times
Everything is going on normally'- Wuhan's curious nonchalance to virus outbreak,https://www.straitstimes.com/asia/east-asia/wuhan-grapples-with-mystery-pneumonia,"JAN 11, 2020, 9:18 PM",The Straits Times
"Third suspected Wuhan virus case detected in Singapore, man isolated as precaution",https://www.straitstimes.com/singapore/3rd-suspected-wuhan-virus-case-detected-in-singapore-man-isolated-as-precaution,"JAN 16, 2020, 7:42 PM",The Straits Times
Japan confirms first case of infection from Wuhan coronavirus; Vietnam quarantines two tourists,https://www.straitstimes.com/asia/east-asia/japan-confirms-first-case-of-infection-with-new-china-coronavirus,"JAN 16, 2020, 8:52 AM",The Straits Times
"Wuhan virus: China reports second death, second case found in Thailand",https://www.straitstimes.com/asia/east-asia/wuhan-virus-claims-second-victim-in-china,"JAN 17, 2020, 6:55 AM",The Straits Times
US to screen passengers for new China coronavirus at 3 airports,https://www.straitstimes.com/world/united-states/us-to-screen-passengers-for-sars-like-china-mystery-virus,"JAN 18, 2020, 3:30 AM",The Straits Times
"Experts warn about scale of Wuhan virus as US airports start screening, more cases reported in China",https://www.straitstimes.com/asia/east-asia/experts-warn-over-scale-of-wuhan-virus-as-us-airports-start-screening-more-cases,"JAN 18, 2020, 1:38 PM",The Straits Times
"New suspected Wuhan virus case in Singapore, remaining 5 have tested negative",https://www.straitstimes.com/singapore/new-suspected-wuhan-virus-case-in-singapore-remaining-five-have-tested-negative,"JAN 18, 2020, 8:39 PM",The Straits Times
Evidence Wuhan virus can be passed from person to person as infections in China exceed 200,https://www.straitstimes.com/asia/east-asia/evidence-wuhan-mystery-illness-can-be-passed-from-person-to-person-who-official-says,"JAN 20, 2020, 4:28 PM",The Straits Times
"Masks on, Chinese start holiday travels as alarm mounts over Wuhan mystery virus",https://www.straitstimes.com/asia/east-asia/masks-on-chinese-start-holiday-travels-as-alarm-mounts-over-wuhan-mystery-virus,"JAN 20, 2020, 6:24 PM",The Straits Times
Wuhan virus: Singapore expands temperature screening to all travellers arriving from China,https://www.straitstimes.com/singapore/health/moh-steps-up-measures-against-wuhan-virus-as-cny-approaches,"JAN 20, 2020, 6:58 PM",The Straits Times
Wuhan virus: A timeline of how the new coronavirus developed,https://www.straitstimes.com/asia/east-asia/wuhan-virus-a-timeline-of-how-the-new-coronavirus-developed,"JAN 21, 2020, 7:18 AM",The Straits Times
Wuhan virus: When being upfront isn't enough in China,https://www.straitstimes.com/asia/east-asia/wuhan-virus-when-being-upfront-isnt-enough-in-china,"JAN 21, 2020, 5:00 AM",The Straits Times
Wuhan virus: Singapore to isolate all travellers from China with pneumonia; 7th suspect tests negative,https://www.straitstimes.com/singapore/health/wuhan-virus-singapore-widening-isolation-measures-7th-suspect-tests-negative,"JAN 21, 2020, 7:09 PM",The Straits Times
"Philippines, Australia probe suspected cases of Wuhan virus",https://www.straitstimes.com/asia/philippines-australia-probe-suspected-cases-of-wuhan-virus,"JAN 21, 2020, 5:27 PM",The Straits Times
Wuhan virus: S'pore public hospitals in 'outbreak response mode',https://www.straitstimes.com/singapore/health/wuhan-virus-public-hospitals-in-singapore-in-outbreak-response-mode,"JAN 21, 2020, 9:21 PM",The Straits Times
Wuhan virus: Chinese doctor investigating outbreak says he was infected,https://www.straitstimes.com/asia/east-asia/wuhan-virus-chinese-doctor-investigating-outbreak-says-he-was-infected,"JAN 22, 2020, 7:16 AM",The Straits Times
"Wuhan virus and Sars are as different as cats and dogs, researchers say",https://www.straitstimes.com/singapore/wuhan-virus-vs-sars-as-different-as-cat-and-dog,"JAN 21, 2020, 9:27 PM",The Straits Times
Mexico says possible case of Wuhan virus under investigation,https://www.straitstimes.com/world/americas/mexico-says-possible-case-of-coronavirus-under-investigation,"JAN 22, 2020, 10:10 PM",The Straits Times
Wuhan virus: Scoot cancels 8 flights between Singapore and Wuhan,https://www.straitstimes.com/singapore/wuhan-virus-scoot-cancels-8-flights-between-singapore-and-wuhan,"JAN 23, 2020, 1:15 PM",The Straits Times
Wuhan virus: Release of 4 Chinese New Year movies in Singapore cinemas put on hold,https://www.straitstimes.com/lifestyle/entertainment/wuhan-outbreak-release-of-four-chinese-new-year-movies-in-singapore-cinemas,"JAN 23, 2020, 6:26 PM",The Straits Times
Singapore confirms first case of Wuhan virus; second case likely,https://www.straitstimes.com/singapore/health/singapore-confirms-first-case-of-wuhan-virus,"JAN 23, 2020, 9:04 PM",The Straits Times
"Singapore better prepared to handle Wuhan virus outbreak, no need to panic: PM Lee Hsien Loong",https://www.straitstimes.com/world/europe/singapore-better-prepared-to-handle-wuhan-virus-outbreak-no-need-to-panic-pm-lee-hsien,"JAN 23, 2020, 10:00 PM",The Straits Times
Wuhan virus: Japan confirms second case,https://www.straitstimes.com/asia/east-asia/wuhan-virus-japan-confirms-second-case,"JAN 24, 2020, 6:37 AM",The Straits Times
"Wuhan virus: China building 1,000-bed hospital over the weekend to treat coronavirus patients",https://www.straitstimes.com/asia/east-asia/china-building-1000-bed-hospital-over-the-weekend-to-treat-coronavirus,"JAN 24, 2020, 11:15 AM",The Straits Times
"Wuhan virus: Deaths from coronavirus are so far mostly older men, many with health issues",https://www.straitstimes.com/asia/east-asia/deaths-from-coronavirus-are-so-far-mostly-older-men-many-with-health-issues,"JAN 24, 2020, 3:39 PM",The Straits Times
Chinese nationals living in Singapore buy masks to send back home,https://www.straitstimes.com/singapore/health/chinese-nationals-living-in-singapore-buy-masks-to-send-back-home,"JAN 24, 2020, 1:59 PM",The Straits Times
"Singapore confirms 2 more Wuhan virus cases, bringing total to 3 infected",https://www.straitstimes.com/singapore/health/singapore-confirms-2-more-wuhan-virus-cases-bringing-total-to-three-infected,"JAN 24, 2020, 3:07 PM",The Straits Times
Doctor at hospital in China's Hubei province dies from Wuhan coronavirus: State media,https://www.straitstimes.com/asia/east-asia/doctor-at-hospital-in-chinas-hubei-province-dies-from-wuhan-coronavirus-state-media,"JAN 25, 2020, 11:13 AM",The Straits Times
"Wuhan virus: Malaysia confirms 4 cases, 3 patients related to Singapore's first confirmed case",https://www.straitstimes.com/asia/se-asia/malaysia-confirms-first-cases-of-wuhan-coronavirus-infection,"JAN 25, 2020, 12:01 PM",The Straits Times
"Singapore prepared to deal with Wuhan virus, says DPM Heng Swee Keat; urges S'poreans not to spread fake news",https://www.straitstimes.com/singapore/singapore-prepared-to-deal-with-wuhan-virus-says-dpm-heng-swee-keat-urges-singaporeans-to,"JAN 25, 2020, 12:19 PM",The Straits Times
Singapore confirms first Wuhan virus case: What you should do,https://www.straitstimes.com/singapore/health/tips-on-how-to-avoid-the-wuhan-virus,"JAN 23, 2020, 11:14 PM",The Straits Times
"Wuhan virus: Masks necessary only for those with respiratory symptoms, stresses chief of Singapore's infectious diseases centre",https://www.straitstimes.com/singapore/wuhan-virus-mask-necessary-only-for-those-with-respiratory-symptoms-stresses-chief-of,"JAN 25, 2020, 6:48 PM",The Straits Times
"Wuhan virus: Scoot making arrangements to bring back Singaporean passengers, crew quarantined in Hangzhou",https://www.straitstimes.com/asia/east-asia/wuhan-virus-man-on-scoot-flight-from-singapore-to-china-sent-for-further-tests-all,"JAN 25, 2020, 2:08 PM",The Straits Times
Wuhan virus: Canada identifies first presumptive confirmed case,https://www.straitstimes.com/world/wuhan-virus-canada-identifies-first-case,"JAN 26, 2020, 7:12 AM",The Straits Times
Wuhan virus: China warns of faster spread as it bans wildlife trade,https://www.straitstimes.com/asia/east-asia/china-wuhan-virus-toll-rises-to-54-dead-more-than-300-new-cases-govt,"JAN 26, 2020, 7:35 AM",The Straits Times
"Wuhan virus: From temples to Disneyland, China shuts down to halt spread",https://www.straitstimes.com/asia/east-asia/wuhan-virus-china-to-halt-all-group-tours-as-it-seeks-to-halt-spread-says-state-media,"JAN 25, 2020, 10:29 PM",The Straits Times
Residents fret as China's Wuhan virus exclusion zone widens,https://www.straitstimes.com/asia/east-asia/residents-fret-as-chinas-virus-exclusion-zone-widens,"JAN 26, 2020, 9:28 AM",The Straits Times
"In Chinese markets packed with wildlife, a stew of emerging viruses",https://www.straitstimes.com/asia/east-asia/in-chinese-markets-packed-with-wildlife-a-stew-of-emerging-viruses,"JAN 26, 2020, 10:20 AM",The Straits Times
Wuhan virus: Hong Kong Disneyland says closing until further notice,https://www.straitstimes.com/asia/east-asia/wuhan-virus-hong-kong-disneyland-says-closing-until-further-notice,"JAN 26, 2020, 12:00 PM",The Straits Times
Wuhan virus: Singaporean passengers and crew of Scoot flight return home after quarantine in Hangzhou,https://www.straitstimes.com/singapore/wuhan-virus-singaporean-passengers-and-crew-of-scoot-flight-to-fly-home-on-sunday-after,"JAN 26, 2020, 1:23 PM",The Straits Times
Wuhan virus: Several China cities including Shanghai and Beijing to ban long-distance buses,https://www.straitstimes.com/asia/east-asia/third-chinese-city-to-ban-long-distance-buses-over-virus-concerns,"JAN 26, 2020, 2:04 PM",The Straits Times
Wuhan virus: China bans wildlife trade nationwide until viral outbreak eases,https://www.straitstimes.com/asia/east-asia/wuhan-virus-china-bans-wildlife-trade-nationwide-due-to-outbreak,"JAN 26, 2020, 2:43 PM",The Straits Times
Wuhan virus: China says coronavirus ability to spread getting stronger,https://www.straitstimes.com/asia/east-asia/wuhan-virus-china-says-coronavirus-ability-to-spread-getting-stronger,"JAN 26, 2020, 3:59 PM",The Straits Times
"Wuhan virus: No new confirmed cases in Singapore, number of suspect cases climbs to 92",https://www.straitstimes.com/singapore/wuhan-virus-no-new-cases-in-singapore-number-of-confirmed-cases-stands-at-4,"JAN 26, 2020, 8:24 PM",The Straits Times
Wuhan virus: US health agency reports five confirmed cases,https://www.straitstimes.com/world/united-states/wuhan-virus-us-health-agency-reports-five-confirmed-cases,"JAN 27, 2020, 5:30 AM",The Straits Times
Wuhan virus versus Sars - which is more deadly?,https://www.straitstimes.com/singapore/wuhan-virus-versus-sars-which-is-more-deadly,"JAN 26, 2020, 11:18 PM",The Straits Times
Wuhan virus: 2-3 students in every Singapore school likely to be affected by leave of absence,https://www.straitstimes.com/singapore/wuhan-virus-students-school-staff-returning-from-china-to-take-14-day-mandatory-leave-of,"JAN 27, 2020, 1:36 PM",The Straits Times
"Wuhan virus: Singapore to impose 14 days leave of absence for those in schools, healthcare and eldercare who travelled to China",https://www.straitstimes.com/singapore/wuhan-virus-singapore-to-impose-14-days-leave-of-absence-for-those-in-schools-healthcare,"JAN 27, 2020, 11:49 AM",The Straits Times
Wuhan virus: Australia confirms fifth coronavirus case from last flight out of Wuhan,https://www.straitstimes.com/asia/australianz/wuhan-virus-australia-confirms-fifth-coronavirus-case-from-last-flight-out-of-wuhan,"JAN 27, 2020, 1:27 PM",The Straits Times
Wuhan virus: University students move out of campus residences designated as quarantine centres,https://www.straitstimes.com/singapore/health/wuhan-virus-university-students-move-out-of-campus-residences-designated-as,"JAN 27, 2020, 2:18 PM",The Straits Times
Key measures taken by Singapore Government to fight spread of Wuhan virus,https://www.straitstimes.com/singapore/key-measures-taken-by-singapore-government-to-fight-spread-of-wuhan-virus,"JAN 27, 2020, 3:32 PM",The Straits Times
"Wuhan virus: Malaysia 'temporarily' bars China travellers from Wuhan city, Hubei province",https://www.straitstimes.com/asia/se-asia/wuhan-virus-malaysia-temporarily-bars-china-travellers-from-wuhan-city-hubei-province,"JAN 27, 2020, 5:02 PM",The Straits Times
"Wuhan virus outbreak will be a test of 4G leaders' teamwork, say political observers",https://www.straitstimes.com/politics/wuhan-virus-outbreak-will-be-a-test-of-4g-leaders-teamwork-say-political-observers,"JAN 27, 2020, 9:45 PM",The Straits Times
Confusion as WHO corrects China virus global risk level,https://www.straitstimes.com/world/europe/who-says-global-risk-of-china-virus-is-high,"JAN 27, 2020, 10:42 PM",The Straits Times
Wuhan virus: Singapore confirms 5th case; patient from Wuhan stayed at her family's home in Ceylon Road,https://www.straitstimes.com/singapore/wuhan-virus-singapore-confirms-5th-case-patient-from-wuhan-stayed-at-her-familys-home-in,"JAN 28, 2020, 12:02 AM",The Straits Times
Wuhan virus: Sri Lanka confirms first case,https://www.straitstimes.com/asia/south-asia/wuhan-virus-sri-lanka-confirms-first-case,"JAN 28, 2020, 7:03 AM",The Straits Times
Wuhan virus: Taxi firms will waive rental fees for cabs if drivers are quarantined,https://www.straitstimes.com/singapore/health/taxi-firms-will-waive-rental-fees-for-cabs-if-drivers-are-quarantined-for-wuhan,"JAN 27, 2020, 6:13 PM",The Straits Times
Wuhan virus: First coronavirus case confirmed in Germany,https://www.straitstimes.com/world/europe/wuhan-virus-first-coronavirus-case-confirmed-in-germany,"JAN 28, 2020, 8:20 AM",The Straits Times
"Wuhan virus: Death toll jumps to 106, nearly 1,300 new cases as Chinese citizens urged to reconsider overseas travel",https://www.straitstimes.com/asia/east-asia/wuhan-virus-death-toll-jumps-to-106-nearly-1300-new-cases-says-chinese-government,"JAN 28, 2020, 9:14 AM",The Straits Times
Singapore Reit closes malls in China amid Wuhan virus spread,https://www.straitstimes.com/business/companies-markets/singapore-reit-closes-china-malls-amid-wuhan-virus-spread,"JAN 28, 2020, 8:33 AM",The Straits Times
Wuhan virus: Outbreak strains China's health system,https://www.straitstimes.com/asia/east-asia/wuhan-virus-outbreak-strains-chinas-health-system,"JAN 28, 2020, 7:08 AM",The Straits Times
Wuhan virus: Philippines stops issuing visas on arrival to Chinese nationals,https://www.straitstimes.com/asia/se-asia/wuhan-virus-philippines-stops-issuing-visas-on-arrival-to-chinese-nationals,"JAN 28, 2020, 11:30 AM",The Straits Times
"Wuhan virus: One week sufficient for recovery from mild coronavirus symptoms, says expert",https://www.straitstimes.com/asia/east-asia/wuhan-virus-one-week-sufficient-for-recovery-from-mild-coronavirus-symptoms-expert,"JAN 28, 2020, 11:50 AM",The Straits Times
Wuhan virus: Miriam Yeung's Feb 8 Singapore concert postponed until further notice,https://www.straitstimes.com/lifestyle/entertainment/wuhan-virus-miriam-yeungs-feb-8-singapore-concert-postponed-until-further,"JAN 28, 2020, 11:59 AM",The Straits Times
askST: Should we avoid places where a person suspected of having the Wuhan virus has been to?,https://www.straitstimes.com/singapore/health/askst-should-we-avoid-places-where-a-person-suspected-of-having-the-wuhan-virus-has,"JAN 28, 2020, 12:43 PM",The Straits Times
Wuhan virus: Thailand to screen arrivals from China as tally of virus infections hit 14,https://www.straitstimes.com/asia/se-asia/thailand-confirms-six-more-coronavirus-infections-bringing-its-total-to-14,"JAN 28, 2020, 1:39 PM",The Straits Times
Wuhan virus: Pre-schools step up hygiene measures after Chinese New Year break,https://www.straitstimes.com/singapore/education/wuhan-virus-preschools-step-up-hygiene-measures-after-chinese-new-year-break,"JAN 28, 2020, 1:08 PM",The Straits Times
"askST: Photos, videos of medical staff at Compass One not linked to Wuhan virus",https://www.straitstimes.com/singapore/health/askst-are-photos-videos-of-medical-workers-at-compass-one-related-to-the-wuhan,"JAN 28, 2020, 2:57 PM",The Straits Times
Suspected Wuhan virus case identified at Causeway Point; affected areas disinfected after patient sent to hospital,https://www.straitstimes.com/singapore/health/raffles-medical-investigates-photo-of-patients-nric-amid-claims-of-wuhan-virus-case,"JAN 28, 2020, 3:28 PM",The Straits Times
"Wuhan virus: 2 new confirmed cases in Singapore, bringing total to 7; no entry or transit for new visitors from Hubei",https://www.straitstimes.com/singapore/wuhan-virus-7-confirmed-cases-in-singapore-no-entry-or-transit-for-new-visitors-with-hubei,"JAN 28, 2020, 4:15 PM",The Straits Times
Japan reports first domestic case of Wuhan virus infection: A bus driver who ferried Chinese tourists,https://www.straitstimes.com/asia/east-asia/person-in-japan-who-has-not-visited-wuhan-infected-with-coronavirus,"JAN 28, 2020, 5:07 PM",The Straits Times
Wuhan virus: Four co-workers in Germany contract coronavirus after Chinese colleague visits,https://www.straitstimes.com/world/europe/germany-confirms-first-human-transmission-of-china-virus,"JAN 28, 2020, 6:59 PM",The Straits Times
"Wuhan virus: PM Lee Hsien Loong calls for calm, urges public not to spread rumours",https://www.straitstimes.com/singapore/wuhan-virus-pm-lee-calls-for-calm-urges-public-not-to-spread-rumours,"JAN 28, 2020, 7:33 PM",The Straits Times
Govt debunks fake news linking closure of Woodlands MRT station to Wuhan virus,https://www.straitstimes.com/singapore/health/wuhan-virus-government-debunks-fake-news-linking-closure-of-woodlands-mrt-to-the,"JAN 28, 2020, 7:45 PM",The Straits Times
Wuhan virus: Fig leaf or first defence? Flimsy masks of limited use,https://www.straitstimes.com/asia/se-asia/wuhan-virus-fig-leaf-or-first-defence-flimsy-masks-of-limited-use,"JAN 28, 2020, 5:40 PM",The Straits Times
"Supply of masks in Singapore sufficient, no need to rush to buy them: Lam Pin Min",https://www.straitstimes.com/singapore/supply-of-masks-in-singapore-sufficient-no-need-to-rush-to-buy-them-lam-pin-min,"JAN 28, 2020, 8:20 PM",The Straits Times
Wuhan virus: $100 a day for those quarantined; severe penalties for people who flout quarantine orders,https://www.straitstimes.com/singapore/health/100-a-day-for-those-quarantined-severe-penalties-for-people-who-flout-quarantine,"JAN 28, 2020, 7:47 PM",The Straits Times
"Wuhan virus: WP, SDP, PSP warn about rumours, call on Singaporeans to stay united",https://www.straitstimes.com/singapore/health/workers-party-calls-for-singapore-to-stay-united-and-to-remain-calm-amid-global,"JAN 28, 2020, 9:23 PM",The Straits Times
Wuhan virus: Taiwan reports first case of domestic coronavirus transmission,https://www.straitstimes.com/asia/east-asia/wuhan-virus-taiwan-reports-first-case-of-domestic-coronavirus-transmission,"JAN 28, 2020, 9:22 PM",The Straits Times
"Wuhan virus: NSmen who travelled to China will have ICT deferred, IPPT rescheduled",https://www.straitstimes.com/singapore/health/wuhan-virus-nsmen-who-travelled-to-china-will-have-ict-deferred-ippt-rescheduled,"JAN 28, 2020, 10:18 PM",The Straits Times
Wuhan virus: Singapore's tourism sector preparing for crisis,https://www.straitstimes.com/singapore/wuhan-virus-singapores-tourism-sector-preparing-for-crisis,"JAN 28, 2020, 10:16 PM",The Straits Times
Wuhan virus: MOM to reject all new work pass applications for foreign workers from Hubei,https://www.straitstimes.com/singapore/health/wuhan-virus-mom-to-reject-all-new-work-pass-applications-for-foreign-workers-from,"JAN 28, 2020, 8:19 PM",The Straits Times
Wuhan virus: China agrees to WHO sending experts to study virus,https://www.straitstimes.com/asia/east-asia/wuhan-virus-china-agrees-to-who-sending-experts-to-study-virus,"JAN 29, 2020, 1:52 AM",The Straits Times
Wuhan virus: Malaysians' call for ban on tourists from China takes on racial tone,https://www.straitstimes.com/asia/se-asia/wuhan-virus-malaysians-call-for-ban-on-tourists-from-china-take-racial-tone,"JAN 28, 2020, 7:14 PM",The Straits Times
"Wuhan virus: Death toll in China hits 132, number of cases nearing 6,000",https://www.straitstimes.com/asia/east-asia/wuhan-virus-chinas-hubei-province-centre-of-coronavirus-outbreak-confirms-25-new,"JAN 29, 2020, 7:25 AM",The Straits Times
"Wuhan virus: Malaysia says 3 new cases of virus infection, bringing total to 7",https://www.straitstimes.com/asia/se-asia/wuhan-virus-malaysia-says-3-new-cases-of-virus-infection-bringing-total-to-7,"JAN 29, 2020, 8:16 AM",The Straits Times
"CapitaLand, more Singapore companies suspend some businesses in China amid Wuhan virus spread",https://www.straitstimes.com/business/companies-markets/capitaland-more-singapore-companies-close-businesses-in-china-amid-wuhan,"JAN 29, 2020, 8:57 AM",The Straits Times
Wuhan virus: Malaysia arrests person for spreading fake news about coronavirus,https://www.straitstimes.com/asia/se-asia/wuhan-virus-malaysia-arrests-person-for-spreading-fake-news-about-coronavirus,"JAN 29, 2020, 9:24 AM",The Straits Times
"Wuhan virus: President Halimah urges public not to spread rumours, and to use MOH info to quash falsehoods",https://www.straitstimes.com/singapore/wuhan-virus-do-not-spread-rumours-and-use-moh-information-to-quash-falsehoods-says,"JAN 29, 2020, 8:35 AM",The Straits Times
Wuhan virus: Crisis exposes cracks in China's facade of unity,https://www.straitstimes.com/asia/east-asia/wuhan-virus-crisis-exposes-cracks-in-chinas-facade-of-unity,"JAN 29, 2020, 6:58 AM",The Straits Times
"Wuhan virus: Experts consulted in decision not to delay schools' reopening after Chinese New Year break, says MOE",https://www.straitstimes.com/singapore/education/wuhan-virus-experts-consulted-in-decision-not-to-delay-schools-reopening-after,"JAN 29, 2020, 1:20 PM",The Straits Times
Wuhan virus: JJ Lin and Stefanie Sun collaborate on song to pay tribute to frontline staff,https://www.straitstimes.com/lifestyle/entertainment/wuhan-virus-jj-lin-and-stefanie-sun-collaborate-on-song-to-pay-tribute-to,"JAN 29, 2020, 1:00 PM",The Straits Times
Wuhan virus: Sâ€™pore Slingers taking precautions as they head to HK; safety first for other sports like table tennis too,https://www.straitstimes.com/sport/wuhan-virus-singapore-basketball-team-taking-precautions-as-they-head-to-hong-kong,"JAN 29, 2020, 11:56 AM",The Straits Times
"Online mall Qoo10 removes listing selling 30 'anti-coronavirus' masks for $10,000",https://www.straitstimes.com/singapore/online-mall-qoo10-removes-listing-selling-30-anti-coronavirus-masks-for-10000,"JAN 29, 2020, 3:35 PM",The Straits Times
"Wuhan virus: No hot meals, blankets, magazines as airlines step up fight against virus",https://www.straitstimes.com/asia/east-asia/wuhan-virus-no-hot-meals-blankets-magazines-as-airlines-step-up-fight-on-virus,"JAN 29, 2020, 2:44 PM",The Straits Times
Wuhan virus: Containment measures spur recruitment drives for freelance healthcare workers,https://www.straitstimes.com/singapore/wuhan-virus-containment-measures-spur-recruitment-drives-for-freelance-healthcare-workers,"JAN 29, 2020, 4:17 PM",The Straits Times
Mop house twice with disinfectant: NEA releases interim guide on cleaning homes exposed to Wuhan virus,https://www.straitstimes.com/singapore/health/mop-house-twice-with-disinfectant-nea-releases-interim-guide-on-cleaning-homes,"JAN 29, 2020, 5:15 PM",The Straits Times
"Firms advised to defer China trips, avoid Hubei",https://www.straitstimes.com/business/companies-markets/firms-advised-to-defer-china-trips-avoid-hubei,"JAN 29, 2020, 5:53 PM",The Straits Times
"Singapore confirms 3 more Wuhan virus cases, bringing total to 10; all are from Wuhan",https://www.straitstimes.com/singapore/singapore-confirms-3-more-wuhan-virus-cases-bringing-total-to-10-all-are-from-wuhan,"JAN 29, 2020, 7:27 PM",The Straits Times
"Wuhan virus: 200 pre-school, eldercare staff who travelled to China required to take leave of absence",https://www.straitstimes.com/singapore/wuhan-virus-200-pcf-staff-who-travelled-to-china-required-to-take-leave-of-absence,"JAN 29, 2020, 6:02 PM",The Straits Times
"Wuhan virus: No more overnight stay for SIA pilots and cabin crew on flights to Beijing, Shanghai",https://www.straitstimes.com/singapore/health/no-more-overnight-stay-for-sia-pilots-and-cabin-crew-on-flights-to-beijing-and,"JAN 29, 2020, 9:17 PM",The Straits Times
Wuhan virus: All-out effort by China to contain outbreak after sluggish initial response,https://www.straitstimes.com/asia/east-asia/all-out-effort-by-china-to-contain-outbreak-after-sluggish-initial-response,"JAN 27, 2020, 5:00 AM",The Straits Times
Wuhan virus: Experts urge caution over calls for blanket ban on Chinese travellers,https://www.straitstimes.com/singapore/health/experts-urge-caution-over-calls-for-blanket-ban-on-chinese-travellers,"JAN 29, 2020, 8:53 PM",The Straits Times
Wuhan virus fears put squeeze on travel sector,https://www.sgsme.sg/news/wuhan-virus-fears-put-squeeze-travel-sector,"JAN 29, 2020, 5:50 AM",The Straits Times
Wuhan virus: Planeload of Wuhan residents leaves Singapore on Wednesday on Scoot flight,https://www.straitstimes.com/singapore/planeload-of-wuhan-residents-leaves-singapore-on-wednesday-on-scoot-flight,"JAN 29, 2020, 11:08 PM",The Straits Times
Wuhan virus: WHO to reconsider declaring global emergency as China virus evacuations begin,https://www.straitstimes.com/world/europe/wuhan-virus-who-panel-to-reconvene-on-thursday-to-decide-if-virus-global-emergency,"JAN 30, 2020, 12:03 AM",The Straits Times
"Wuhan virus: Deaths in China hit 170, biggest single-day jump",https://www.straitstimes.com/asia/east-asia/china-virus-evacuations-begin-as-death-toll-hits-162-in-hubei,"JAN 30, 2020, 7:21 AM",The Straits Times
Wuhan virus: McDonald's closes all branches in virus-hit Chinese province of Hubei,https://www.straitstimes.com/asia/east-asia/wuhan-virus-mcdonalds-closes-all-branches-in-virus-hit-chinese-province-of-hubei,"JAN 30, 2020, 12:58 AM",The Straits Times
"Wuhan virus: Three Japanese evacuated from China infected; 13 other evacuees show symptoms of fever, cough",https://www.straitstimes.com/asia/east-asia/wuhan-virus-three-japanese-evacuated-from-china-infected-nine-evacuees-show-symptoms,"JAN 30, 2020, 9:03 AM",The Straits Times
"Wuhan virus: Isolated cubicles, home quarantine at some workplaces",https://www.straitstimes.com/business/companies-markets/wuhan-virus-isolated-cubicles-home-quarantine-at-some-workplaces,"JAN 30, 2020, 5:00 AM",The Straits Times
"Wuhan virus: Travellers between Singapore, Malaysia worry about lack of screening at Johor checkpoints",https://www.straitstimes.com/asia/se-asia/wuhan-virus-people-travelling-between-singapore-malaysia-worry-about-lack-of-screening,"JAN 30, 2020, 11:50 AM",The Straits Times
Some Singaporeans with symptoms of virus staying behind in Wuhan even as 92 are evacuated,https://www.straitstimes.com/singapore/some-singaporeans-with-symptoms-of-virus-staying-behind-in-wuhan-even-as-92-are-evacuated,"JAN 30, 2020, 12:19 PM",The Straits Times
Wuhan virus: Every household in Singapore to get 4 masks; collection starts on Feb 1,https://www.straitstimes.com/singapore/wuhan-virus-every-household-in-singapore-to-get-4-masks-collection-starts-on-feb-1,"JAN 30, 2020, 1:00 PM",The Straits Times
Does hand sanitiser protect you from the Wuhan virus?,https://www.straitstimes.com/singapore/health/wuhan-virus-are-hand-sanitisers-or-wet-wipes-better-for-hand-hygiene,"JAN 30, 2020, 1:00 PM",The Straits Times
Wuhan virus: Evacuation of Japanese citizens from China in spotlight after two returnees refuse testing,https://www.straitstimes.com/asia/east-asia/evacuation-of-japanese-citizens-from-wuhan-in-spotlight-after-two-returnees-refuse,"JAN 30, 2020, 1:41 PM",The Straits Times
"Wuhan virus: Malaysia confirms 8th case of infection, no domestic transmission",https://www.straitstimes.com/asia/se-asia/wuhan-virus-malaysia-confirms-8th-case-of-infection-no-domestic-transmission,"JAN 30, 2020, 2:05 PM",The Straits Times
Wuhan virus: Two K-pop concerts in Singapore postponed,https://www.straitstimes.com/lifestyle/entertainment/wuhan-virus-two-k-pop-concerts-in-singapore-postponed,"JAN 30, 2020, 12:45 PM",The Straits Times
Some Singaporeans with symptoms of virus staying behind in Wuhan even as 92 are evacuated,https://www.straitstimes.com/singapore/some-singaporeans-with-symptoms-of-virus-staying-behind-in-wuhan-even-as-92-are-evacuated,"JAN 30, 2020, 12:19 PM",The Straits Times
Wuhan virus: Philippines confirms first case in Chinese woman from Wuhan,https://www.straitstimes.com/asia/se-asia/wuhan-virus-philippines-confirms-first-case-in-chinese-woman-who-arrived-from-wuhan,"JAN 30, 2020, 4:30 PM",The Straits Times
Wuhan virus: India reports its first case of coronavirus,https://www.straitstimes.com/asia/south-asia/wuhan-virus-india-reports-its-first-case-of-coronavirus,"JAN 30, 2020, 5:33 PM",The Straits Times
Home Front: Still early to determine severity of Wuhan virus,https://www.straitstimes.com/singapore/home-front-still-early-to-determine-severity-of-wuhan-virus,"JAN 30, 2020, 5:00 AM",The Straits Times
Wuhan virus: Chinese teen with cerebral palsy dies at home six days after father's quarantine,https://www.straitstimes.com/asia/east-asia/wuhan-virus-chinese-teen-with-cerebral-palsy-dies-at-home-six-days-after-fathers,"JAN 30, 2020, 5:16 PM",The Straits Times
"Drinking Dettol, vaccine conspiracies: Misinformation on the Internet spreads Wuhan virus panic",https://www.straitstimes.com/asia/east-asia/drinking-dettol-vaccine-conspiracies-misinformation-spreads-wuhan-virus-panic,"JAN 30, 2020, 3:24 PM",The Straits Times
"Wuhan virus: 5 million masks 'snapped up', public urged against hoarding amid global shortage",https://www.straitstimes.com/singapore/health/5-million-masks-snapped-up-in-hours-public-urged-against-hoarding-amid-global,"JAN 30, 2020, 6:22 PM",The Straits Times
"Wuhan virus: Russia to shut border with China, stop issuing electronic visas to Chinese nationals",https://www.straitstimes.com/world/europe/russia-to-shut-border-with-china-over-wuhan-virus,"JAN 30, 2020, 7:00 PM",The Straits Times
Wuhan virus: Outbreak brings public trust in Hong Kong government closer to edge,https://www.straitstimes.com/asia/east-asia/virus-outbreak-brings-public-trust-in-hong-kong-government-closer-to-edge,"JAN 30, 2020, 5:51 PM",The Straits Times
"Wuhan virus: Bus, train services unaffected by small number of drivers on leave of absence",https://www.straitstimes.com/singapore/transport/wuhan-virus-bus-train-services-unaffected-by-small-number-of-drivers-on-leave-of,"JAN 30, 2020, 7:11 PM",The Straits Times
"Wuhan virus: 3 more confirmed cases in Singapore, bringing total to 13",https://www.straitstimes.com/singapore/wuhan-virus-3-more-confirmed-cases-in-singapore-total-number-is-now-13-infected-in-the,"JAN 30, 2020, 9:20 PM",The Straits Times
Wuhan virus: Only two visitors per patient allowed at hospitals; children discouraged from visiting,https://www.straitstimes.com/singapore/health/wuhan-virus-only-two-visitors-per-patient-allowed-at-hospitals-children-discouraged,"JAN 30, 2020, 9:20 PM",The Straits Times
Wuhan virus: SBS Transit and SMRT step up cleaning efforts for buses and trains,https://www.straitstimes.com/singapore/wuhan-virus-sbs-transit-and-smrt-step-up-cleaning-efforts-for-buses-and-trains,"JAN 30, 2020, 8:35 PM",The Straits Times
"Wuhan virus: Govt cracks down on mask profiteers, retailer Deen Express queried on alleged inflated prices",https://www.straitstimes.com/singapore/govts-price-controller-requests-store-at-313somerset-to-explain-alleged-inflated-mask,"JAN 30, 2020, 7:22 PM ",The Straits Times
Wuhan virus: Mounting calls for ban on wildlife trade in Indonesia as coronavirus spreads globally,https://www.straitstimes.com/asia/se-asia/wuhan-virus-mounting-calls-for-ban-on-wildlife-trade-in-indonesia-as-coronavirus,"JAN 30, 2020, 9:48 PM",The Straits Times
Wuhan virus: South Korea reports first local human-to-human transmission,https://www.straitstimes.com/asia/east-asia/wuhan-virus-south-korea-reports-first-local-human-to-human-transmission,"JAN 30, 2020, 9:02 PM",The Straits Times
Wuhan virus: British Airways escalates response with one-month China ban,https://www.straitstimes.com/world/europe/wuhan-virus-british-airways-escalates-response-with-one-month-china-ban,"JAN 30, 2020, 10:21 PM",The Straits Times
Wuhan virus: Vietnam to stop issuing visas for Chinese tourists over coronavirus concerns,https://www.straitstimes.com/asia/se-asia/wuhan-virus-vietnam-to-stop-issuing-visas-for-chinese-tourists-over-coronavirus,"JAN 30, 2020, 10:46 PM ",The Straits Times
"Singapore firms shut China malls, cut hours amid outbreak",https://www.sgsme.sg/news/singapore-firms-shut-china-malls-cut-hours-amid-outbreak,"JAN 30, 2020, 05:50 AM ",The Straits Times
Wuhan virus: Pofma exemptions lifted amid spread of fake news,https://www.straitstimes.com/singapore/wuhan-virus-pofma-exemptions-lifted-amid-spread-of-fake-news,"JAN 30, 2020, 11:35 PM",The Straits Times
Wuhan virus: WHO declares China virus outbreak an international emergency,https://www.straitstimes.com/world/europe/wuhan-virus-who-declares-china-virus-outbreak-an-international-emergency,"JAN 31, 2020, 3:52 AM",The Straits Times
"Wuhan virus: China's death toll rises to 213, total confirmed cases hit 9,692",https://www.straitstimes.com/asia/east-asia/wuhan-virus-chinas-death-toll-rises-to-212-as-who-declares-outbreak-a-global,"JAN 31, 2020, 7:00 AM",The Straits Times
Wuhan virus: US sees first case of human-to-human infection,https://www.straitstimes.com/world/united-states/wuhan-virus-us-sees-first-case-of-human-to-human-infection,"JAN 31, 2020, 2:02 AM",The Straits Times
"Wuhan virus: SIA, SilkAir and Scoot slash flights to China",https://www.straitstimes.com/singapore/wuhan-virus-sia-silkair-and-scoot-slash-flights-to-china,"JAN 31, 2020, 7:30 AM",The Straits Times
Wuhan virus: China sacks senior city health official unable to answer basic questions,https://www.straitstimes.com/asia/east-asia/wuhan-virus-china-sacks-senior-city-health-official-unable-to-answer-basic-questions,"JAN 30, 2020, 10:54 PM",The Straits Times
Wuhan virus: Temperature-takers on the front line,https://www.straitstimes.com/singapore/wuhan-virus-temperature-takers-take-on-frontline-roles,"JAN 30, 2020, 9:51 PM",The Straits Times
Economist who counted $54.5 billion Sars cost sees bigger hit from Wuhan virus,https://www.straitstimes.com/business/economy/economist-who-counted-545-billion-sars-cost-sees-bigger-hit-from-wuhan-virus,"JAN 31, 2020, 9:19 AM",The Straits Times
Wuhan virus: Govt debunks fake news on Singaporeans contracting the virus and Singapore running out of masks,https://www.straitstimes.com/singapore/wuhan-virus-govt-debunks-fake-news-on-singaporeans-contracting-the-virus-singapore-running,"JAN 31, 2020, 10:10 AM",The Straits Times
"Wuhan virus: 852 students, 115 staff on leave of absence, says MOE",https://www.straitstimes.com/singapore/wuhan-virus-852-students-115-staff-on-leave-of-absence-says-moe,"JAN 31, 2020, 10:40 AM",The Straits Times
WHO declares Wuhan virus a 'global health emergency': What does that mean?,https://www.straitstimes.com/asia/east-asia/wuhan-virus-who-declares-public-health-emergency-what-does-that-mean,"JAN 31, 2020, 11:42 AM",The Straits Times
Wuhan virus: Anger boils over in China as doctors plead for supplies,https://www.straitstimes.com/asia/east-asia/wuhan-virus-anger-boils-over-in-china-as-doctors-plead-for-supplies,"JAN 31, 2020, 9:54 AM",The Straits Times
Wuhan virus: Who needs to wear a mask and what's the proper way to wear it?,https://www.straitstimes.com/askst/wuhan-virus-who-needs-to-wear-a-mask-and-whats-the-proper-way-to-wear-it,"JAN 31, 2020, 12:25 PM",The Straits Times
"Wuhan virus: S'pore may announce new measures in wake of WHO global health emergency declaration, says PM Lee",https://www.straitstimes.com/singapore/wuhan-virus-spore-may-announce-new-measures-in-wake-of-who-public-health-emergency,"JAN 31, 2020, 2:03 PM",The Straits Times
"Wuhan virus: Government looking at how best to help hospitality, tourism, retail and F&B sectors",https://www.straitstimes.com/business/economy/wuhan-virus-government-looking-at-how-best-to-help-hospitality-tourism-retail-and,"JAN 31, 2020, 3:14 PM",The Straits Times
Do face masks help protect against Wuhan virus?,https://www.straitstimes.com/asia/se-asia/do-face-masks-help-protect-against-wuhan-virus,"JAN 31, 2020, 1:31 PM",The Straits Times
"Wuhan virus: Mask distribution to begin on Saturday at 200 RC centres, residents urged to check where and when",https://www.straitstimes.com/singapore/wuhan-virus-mask-distribution-at-200-rc-centres-from-saturday-residents-urged-to-check,"JAN 31, 2020, 5:05 PM",The Straits Times
Wuhan virus: Thailand confirms first human-to-human transmission,https://www.straitstimes.com/asia/se-asia/wuhan-virus-thailand-confirms-first-human-to-human-transmission,"JAN 31, 2020, 5:40 PM",The Straits Times
Wuhan virus: Visitors with recent travel history to China not allowed to enter or transit in Singapore,https://www.straitstimes.com/singapore/wuhan-virus-visitors-with-recent-travel-history-to-china-not-allowed-entry-or-transit-to,"JAN 31, 2020, 6:00 PM",The Straits Times
Wuhan virus: Britain reports first two cases of coronavirus,https://www.straitstimes.com/world/europe/wuhan-virus-britain-reports-first-two-cases-of-coronavirus,"JAN 31, 2020, 5:50 PM",The Straits Times
Wuhan virus: Italy declares emergency after first two cases confirmed,https://www.straitstimes.com/world/europe/wuhan-virus-italy-cabinet-to-discuss-declaring-emergency-after-first-two-cases,"JAN 31, 2020, 6:19 PM",The Straits Times
Wuhan virus: Scoot to suspend all flights between Singapore and China from Feb 8,https://www.straitstimes.com/singapore/transport/wuhan-virus-scoot-to-suspend-all-flights-between-singapore-and-china-from-feb-8,"JAN 31, 2020, 7:26 PM",The Straits Times
Wuhan virus: First Singaporean case confirmed; she was on Scoot flight from Wuhan,https://www.straitstimes.com/singapore/health/wuhan-virus-first-singaporean-confirmed-to-have-virus-she-was-on-scoot-flight-from,"JAN 31, 2020, 8:12 PM",The Straits Times
Wuhan virus: Facebook sets out coronavirus misinformation battle plan,https://www.straitstimes.com/asia/east-asia/wuhan-virus-facebook-sets-out-coronavirus-misinformation-battle-plan,"JAN 31, 2020, 11:49 AM",The Straits Times
"Wuhan virus: February will be pivotal in determining success of containment efforts, says expert",https://www.straitstimes.com/singapore/health/wuhan-virus-february-will-be-pivotal-in-determining-success-of-containment-efforts,"JAN 31, 2020, 4:31 PM",The Straits Times
Wuhan virus: SAF working round the clock to ensure 5.2m masks to be given out are packed by Saturday,https://www.straitstimes.com/singapore/wuhan-virus-saf-working-round-the-clock-to-ensure-52m-masks-to-be-given-out-are-packed-by,"JAN 31, 2020, 5:37 PM",The Straits Times
"Wuhan virus: Singaporean husband evacuated home, but wife, infant son stranded in China",https://www.straitstimes.com/singapore/health/wuhan-virus-singaporean-husband-evacuated-home-but-wife-infant-son-stranded-in,"JAN 31, 2020, 8:42 PM",The Straits Times
Wuhan virus: K-pop boy band Got7's Singapore concert on Feb 22 postponed,https://www.straitstimes.com/lifestyle/entertainment/wuhan-virus-k-pop-boy-band-got7s-singapore-concert-on-feb-22-postponed,"JAN 31, 2020, 10:10 PM",The Straits Times
"Wuhan virus: City should have acted sooner, says Wuhan communist party chief",https://www.straitstimes.com/asia/east-asia/wuhan-mayor-says-containing-virus-still-a-severe-complex-task,"JAN 31, 2020, 10:28 PM",The Straits Times
Wuhan virus: Travellers breach coronavirus lockdown by taking bridge over Yangtze,https://www.straitstimes.com/asia/east-asia/wuhan-virus-travellers-breach-coronavirus-lockdown-by-taking-bridge-over-yangtze,"JAN 31, 2020, 2:44 PM",The Straits Times
"Wuhan virus: China coronavirus toll rises to 259 with total cases close to 12,000 as US imposes border curbs",https://www.straitstimes.com/asia/east-asia/wuhan-virus-china-death-toll-rises-to-258-with-45-new-fatalities,"FEB 1, 2020, 6:37 AM",The Straits Times
Mask distribution to begin at 200 RC centres today,https://www.straitstimes.com/singapore/mask-distribution-to-begin-at-200-rc-centres-today,"FEB 1, 2020, 5:00 AM",The Straits Times
Wuhan virus: Why it is still safe to attend events with large crowds,straitstimes.com/singapore/why-it-is-still-safe-to-attend-events-with-large-crowds,"FEB 1, 2020, 5:00 AM",The Straits Times
"Wuhan virus: Hackers exploiting fear of bug to target computers, gadgets",https://www.straitstimes.com/tech/wuhan-virus-hackers-exploiting-fear-of-bug-to-target-computers-gadgets,"FEB 1, 2020, 12:46 AM",The Straits Times
"Wuhan virus: Quarantined cabbies, private-hire drivers to receive one-off allowance of at least $100",https://www.straitstimes.com/singapore/transport/wuhan-virus-quarantined-cabbies-private-hire-drivers-to-receive-one-off,"FEB 1, 2020, 9:59 AM",The Straits Times
How do bats live with so many viruses?,https://www.straitstimes.com/world/how-do-bats-live-with-so-many-viruses,"FEB 1, 2020, 5:00 AM",The Straits Times
Wuhan virus: Where to collect masks? Check online by entering postal code,https://www.straitstimes.com/singapore/wuhan-virus-where-to-collect-masks-check-online-by-entering-postal-code,"FEB 1, 2020, 12:20 PM",The Straits Times
Hubei community in Singapore rallies to help those back home,https://www.straitstimes.com/singapore/hubei-community-here-rallies-to-help-those-back-home,"FEB 1, 2020, 5:00 AM",The Straits Times
Wuhan virus: SIA to suspend additional flights between Singapore and China,https://www.straitstimes.com/singapore/wuhan-virus-sia-to-suspend-additional-flights-between-singapore-and-china,"FEB 1, 2020, 2:28 PM",The Straits Times
Wuhan virus: Shanmugam commends ICA officers who have stepped up under pressure,https://www.straitstimes.com/singapore/wuhan-virus-shanmugam-commends-ica-officers-who-have-stepped-up-under-pressure,"FEB 1, 2020, 3:49 PM",The Straits Times
Wuhan virus: Africa mobilises against coronavirus as fears mount,https://www.straitstimes.com/world/africa/wuhan-virus-africa-mobilises-against-coronavirus-as-fears-mount,"FEB 1, 2020, 11:15 AM",The Straits Times
"Wuhan virus: As coronavirus misinformation spreads, Facebook removes posts",https://www.straitstimes.com/world/united-states/wuhan-virus-as-coronavirus-misinformation-spreads-facebook-removes-posts,"FEB 1, 2020, 12:22 PM",The Straits Times
Wuhan virus: Australia to refuse entry to non-citizens arriving from China,https://www.straitstimes.com/asia/australianz/wuhan-virus-australia-to-refuse-entry-to-non-citizens-arriving-from-china,"FEB 1, 2020, 2:39 PM",The Straits Times
Wuhan virus: Indonesia sends plane to fetch 250 of its nationals stranded in Hubei,https://www.straitstimes.com/asia/se-asia/indonesia-sends-a-plane-to-fetch-250-of-its-nationals-stranded-in-hubei-province-in,"FEB 1, 2020, 3:55 PM",The Straits Times
"Singapore confirms 2 more Wuhan virus cases, including 2nd Singaporean woman on Scoot flight from Wuhan",https://www.straitstimes.com/singapore/health/singapore-confirms-2-more-wuhan-virus-cases-including-2nd-singaporean-woman-on,"FEB 1, 2020, 7:40 PM",The Straits Times
"China doing its best to contain virus and anti-Chinese sentiment is not helpful, says PM Lee",https://www.straitstimes.com/singapore/government-will-do-what-it-takes-to-protect-singaporeans-against-wuhan-virus-pm-lee,"FEB 1, 2020, 8:55 PM",The Straits Times
"Targeted help for transport, tourism sectors worst hit by Wuhan virus outbreak, 'strong' Budget to help workers and slowing economy: Heng Swee Keat",https://www.straitstimes.com/singapore/wuhan-virus-targeted-help-for-transport-tourism-sectors-strong-budget-to-help-workers-and,"FEB 1, 2020, 5:40 PM",The Straits Times
Wuhan virus: China's Premier Li Keqiang asks EU to facilitate urgent procurement of medical supplies,https://www.straitstimes.com/asia/east-asia/wuhan-virus-chinas-premier-li-asks-eu-to-facilitate-urgent-procurement-of-medical,"FEB 1, 2020, 4:39 PM",The Straits Times
Wuhan virus: Smooth start to free mask distribution islandwide,https://www.straitstimes.com/singapore/health/wuhan-virus-smooth-start-to-free-mask-distribution-islandwide,"FEB 1, 2020, 7:39 PM",The Straits Times
Wuhan virus: No need to avoid places where people suspected or confirmed to have virus have been,https://www.straitstimes.com/singapore/wuhan-virus-no-need-to-avoid-places-where-people-suspected-or-confirmed-to-have-virus-have,"FEB 1, 2020, 7:23 PM",The Straits Times
Wuhan virus: Death toll in China rises to 304 with 45 new fatalities in Hubei province,https://www.straitstimes.com/asia/east-asia/wuhan-virus-chinas-hubei-province-reports-45-new-coronavirus-deaths-on-feb-1,"FEB 2, 2020, 6:30 AM",The Straits Times
Coronavirus: How Singapore is stemming the spread,https://www.straitstimes.com/singapore/health/singapore-well-prepared-to-fight-the-wuhan-virus,"FEB 2, 2020, 5:00 AM",The Straits Times
Fighting the Wuhan virus: How Singapore tackled previous epidemics,https://www.straitstimes.com/singapore/how-singapore-tackled-previous-epidemics,"FEB 2, 2020, 5:00 AM",The Straits Times
China reports H5N1 bird flu outbreak in Hunan province,https://www.straitstimes.com/asia/east-asia/china-reports-h5n1-bird-flu-outbreak-in-hunan-province,"FEB 2, 2020, 8:45 AM",The Straits Times
How viruses spread from animals to humans,https://www.straitstimes.com/singapore/health/how-viruses-spread-from-animals-to-humans,"FEB 2, 2020, 5:00 AM",The Straits Times
China races to contain Wuhan virus outbreak amid criticism,https://www.straitstimes.com/asia/east-asia/race-to-contain-outbreak-amid-criticism,"FEB 2, 2020, 5:00 AM",The Straits Times
Death of man from Wuhan in Philippines is first virus fatality outside China,https://www.straitstimes.com/asia/se-asia/wuhan-virus-philippines-health-official-reports-first-death-outside-china,"FEB 2, 2020, 11:13 AM",The Straits Times
Wuhan virus: Beijing's old habits kept world in dark as an epidemic grew,https://www.straitstimes.com/asia/east-asia/wuhan-virus-beijings-old-habits-kept-world-in-dark-as-an-epidemic-grew,"FEB 2, 2020, 10:47 AM",The Straits Times
Wuhan virus: New Zealand to bar entry to foreigners travelling from mainland China,https://www.straitstimes.com/asia/australianz/wuhan-virus-new-zealand-to-bar-entry-to-foreigners-travelling-from-mainland-china,"FEB 2, 2020, 12:00 PM",The Straits Times
"China shuts down city of Wenzhou, far from virus epicentre",straitstimes.com/asia/east-asia/china-shuts-down-city-of-wenzhou-far-from-virus-epicentre,"FEB 2, 2020, 12:38 PM",The Straits Times
Taiwan scrambles diplomats to keep flights going amid its inclusion as part of virus-hit China by WHO,https://www.straitstimes.com/asia/east-asia/taiwan-scrambles-diplomats-to-keep-flights-going-amid-chinas-wuhan-virus-inclusion,"FEB 2, 2020, 12:43 PM",The Straits Times
City lockdown due to coronavirus outbreak brings out Wuhan's best and worst,https://www.straitstimes.com/asia/east-asia/city-lockdown-brings-out-wuhans-best-and-worst,"FEB 2, 2020, 5:00 AM",The Straits Times
Wuhan virus: 6% of Singapore households collected masks on first day of distribution on Saturday,https://www.straitstimes.com/singapore/wuhan-virus-6-of-singapore-households-collected-masks-on-first-day-of-distribution-on,"FEB 2, 2020, 2:24 PM",The Straits Times
Japan confirms three more citizens evacuated from Wuhan test positive for coronavirus,https://www.straitstimes.com/asia/east-asia/japan-confirms-three-more-citizens-evacuated-from-wuhan-test-positive-for-coronavirus,"FEB 2, 2020, 2:57 PM",The Straits Times
China orders remains of coronavirus patients to be cremated nearby,https://www.straitstimes.com/asia/east-asia/china-orders-remains-of-coronavirus-patients-to-be-cremated-nearby,"FEB 2, 2020, 3:13 PM",The Straits Times
Wuhan virus: 15 people refused entry into Singapore following new travel restrictions,https://www.straitstimes.com/singapore/health/wuhan-virus-15-people-refused-entry-into-singapore-following-new-travel,"FEB 2, 2020, 6:19 PM",The Straits Times
Herbal remedies for Wuhan virus spark debate in China,https://www.straitstimes.com/asia/east-asia/herbal-remedies-for-wuhan-virus-spark-debate-in-china,"FEB 2, 2020, 3:29 PM",The Straits Times
Wuhan virus: No new cases reported in Singapore on Sunday; all 18 confirmed cases are in stable condition,https://www.straitstimes.com/singapore/wuhan-virus-no-new-cases-reported-in-singapore-today-all-confirmed-cases-are-in-stable,"FEB 2, 2020, 8:04 PM",The Straits Times
"About 30,000 work pass holders from China yet to return after Chinese New Year break: Josephine Teo",https://www.straitstimes.com/singapore/health/about-30000-work-pass-holders-from-china-yet-to-return-josephine-teo,"FEB 2, 2020, 8:28 PM",The Straits Times
Wuhan virus: Chinese army to oversee new hospital built in days to treat patients in Wuhan,https://www.straitstimes.com/asia/east-asia/wuhan-virus-chinese-army-to-oversee-new-hospital-built-in-days-to-treat-patients-in,"FEB 2, 2020, 6:39 PM",The Straits Times
"Coronavirus: Death toll in China rises to 361, exceeding country's Sars fatalities",https://www.straitstimes.com/asia/east-asia/wuhan-virus-chinas-hubei-province-reports-56-new-deaths-more-than-2100-new-confirmed,"FEB 3, 2020, 6:35 AM",The Straits Times
Wuhan virus: Thailand sees apparent success with flu and HIV drug cocktail,https://www.straitstimes.com/asia/se-asia/wuhan-virus-thailand-sees-apparent-success-with-flu-and-hiv-drug-cocktail,"FEB 2, 2020, 10:10 PM",The Straits Times
It's quieter than usual at Singapore tourist spots,https://www.straitstimes.com/singapore/its-quieter-than-usual-at-spore-tourist-spots,"FEB 3, 2020, 5:00 AM",The Straits Times
"Wuhan virus may transmit along faecal-oral route, Xinhua reports",https://www.straitstimes.com/asia/east-asia/wuhan-virus-may-transmit-along-fecal-oral-route-xinhua-reports,"FEB 3, 2020, 8:52 AM",The Straits Times
Why healthcare workers are wearing protective gear,https://www.straitstimes.com/singapore/health/why-healthcare-workers-are-wearing-protective-gear,"FEB 3, 2020, 5:00 AM",The Straits Times
China stocks plunge 8% on coronavirus crisis after markets reopen; STI closes down 1.2%,https://www.straitstimes.com/business/companies-markets/investors-brace-for-ugly-start-to-post-holiday-trade-in-china-amid-wuhan,"FEB 3, 2020, 7:20 AM",The Straits Times
"Wuhan coronavirus outbreak looks increasingly like a pandemic, experts say",https://www.straitstimes.com/world/united-states/wuhan-virus-looks-increasingly-like-a-pandemic-experts-say,"FEB 3, 2020, 9:18 AM",The Straits Times
"Coronavirus: Vietnam confirms three new cases, taking total to eight",https://www.straitstimes.com/asia/se-asia/vietnam-confirms-three-new-cases-of-wuhan-virus-bringing-the-total-to-eight,"FEB 3, 2020, 10:53 AM",The Straits Times
Some restaurants report cancellation in bookings as diners turn cautious,https://www.straitstimes.com/lifestyle/food/some-restaurants-report-cancellation-in-bookings-as-diners-turn-cautious,"FEB 3, 2020, 5:00 AM",The Straits Times
Hong Kong medics strike for China border closure over coronavirus fears,https://www.straitstimes.com/asia/east-asia/coronavirus-hong-kong-medics-strike-for-china-border-closure-over-wuhan-virus-fears,"FEB 3, 2020, 11:33 AM",The Straits Times
U-turn in regional business sentiment as tourists stay home,https://www.straitstimes.com/asia/se-asia/u-turn-in-regional-business-sentiment-as-tourists-stay-home,"FEB 3, 2020, 5:00 AM",The Straits Times
Coronavirus keeps exhibitors away from Singapore Airshow; Korea's Black Eagles not coming,https://www.straitstimes.com/business/companies-markets/some-exhibitors-drop-out-of-singapore-airshow-due-to-wuhan-virus,"FEB 3, 2020, 12:21 PM",The Straits Times
Coronavirus: Communities in China hunt for travellers from Wuhan,https://www.straitstimes.com/asia/east-asia/coronavirus-china-hunts-for-travellers-from-wuhan,"FEB 3, 2020, 12:56 PM",The Straits Times
How Wuhan lost the fight to contain the coronavirus,https://www.straitstimes.com/asia/east-asia/coronavirus-how-wuhan-lost-the-fight-to-contain-the-virus,"FEB 3, 2020, 11:55 AM",The Straits Times
"Fearing coronavirus, Hong Kong residents stock up on food, essentials",https://www.straitstimes.com/asia/east-asia/fearing-coronavirus-hong-kong-residents-stock-up-on-food-essentials,"FEB 3, 2020, 12:46 PM",The Straits Times
"Coronavirus: Maldives bans travellers from China over virus fears, minister says",https://www.straitstimes.com/asia/south-asia/coronavirus-maldives-bans-travellers-from-china-over-virus-fears-minister-says,"FEB 3, 2020, 1:11 PM",The Straits Times
Multiple lines of defence in place to guard against local spread of coronavirus in Singapore: Gan Kim Yong,https://www.straitstimes.com/singapore/coronavirus-multiple-lines-of-defence-in-place-to-guard-against-local-spread-in-singapore,"FEB 3, 2020, 2:29 PM",The Straits Times
"Coronavirus: 524 people under quarantine in Singapore, says Lawrence Wong",https://www.straitstimes.com/singapore/coronavirus-524-people-under-quarantine-says-lawrence-wong,"FEB 3, 2020, 3:07 PM",The Straits Times
Coronavirus: Thailand requires Chinese tourists to show medical certificates,https://www.straitstimes.com/asia/se-asia/coronavirus-thailand-requires-chinese-tourists-to-show-medical-certificates,"FEB 3, 2020, 2:12 PM",The Straits Times
"Coronavirus: After 8-day construction, new Wuhan hospital ready to receive patients",https://www.straitstimes.com/asia/east-asia/coronavirus-after-8-day-construction-wuhan-hospital-to-receive-patients,"FEB 3, 2020, 2:59 PM",The Straits Times
Hong Kong suspends 10 border checkpoints with mainland China in bid to curb spread of coronavirus,https://www.straitstimes.com/asia/coronavirus-hong-kong-suspends-10-border-checkpoints-with-mainland-china,"FEB 3, 2020, 5:32 PM",The Straits Times
Woman infected with coronavirus in north-east China gives birth to healthy baby,https://www.straitstimes.com/asia/east-asia/coronavirus-infected-woman-in-northeast-china-gives-birth-to-healthy-baby,"FEB 3, 2020, 6:21 PM",The Straits Times
Coronavirus: No new confirmed cases in Singapore for a second day,https://www.straitstimes.com/singapore/health/coronavirus-no-new-confirmed-cases-in-singapore-for-a-second-day,"FEB 3, 2020, 7:42 PM",The Straits Times
Coronavirus: NUS students deliver meals to residential college mates on leave of absence in show of support,https://www.straitstimes.com/singapore/education/coronavirus-nus-students-deliver-meals-to-residential-college-mates-on-leave-of,"FEB 3, 2020, 6:27 PM",The Straits Times
WHO launches campaign against misinformation on coronavirus,https://www.straitstimes.com/world/europe/coronavirus-who-launches-campaign-against-misinformation,"FEB 3, 2020, 6:52 PM",The Straits Times
Employers gear up to tackle manpower issues,https://www.straitstimes.com/singapore/manpower/employers-gear-up-to-tackle-manpower-issues,"FEB 3, 2020, 5:00 AM",The Straits Times
"Coronavirus: Some landlords in Singapore, fearing infection risk, turn away tenants returning from China",https://www.straitstimes.com/singapore/coronavirus-some-landlords-fearing-infection-risk-turn-away-tenants-returning-from-china,"FEB 3, 2020, 7:31 PM",The Straits Times
"Coronavirus: Landlords who evict tenants on home quarantine, leave of absence or based on nationality may be barred from renting out flats",https://www.straitstimes.com/singapore/coronavirus-landlords-who-evict-tenants-on-home-quarantine-leave-of-absence-or-based-on,"FEB 3, 2020, 11:45 PM",The Straits Times
"Coronavirus death toll rises to 425, total number of cases in China exceeds 20,000",https://www.straitstimes.com/asia/east-asia/coronavirus-chinas-hubei-province-reports-64-new-deaths-more-than-2300-new-infections,"FEB 4, 2020, 6:29 AM",The Straits Times
"As world panics over the coronavirus, can Singapore come together?",https://www.straitstimes.com/politics/as-world-panics-over-the-coronavirus-virus-can-singapore-come-together,"FEB 3, 2020, 10:40 PM",The Straits Times
Coronavirus: China's leadership admits 'shortcomings' in outbreak response,https://www.straitstimes.com/asia/east-asia/chinas-leadership-admits-shortcomings-in-virus-response,"FEB 4, 2020, 5:44 AM",The Straits Times
Coronavirus: China to allow in US health experts as virus shows no sign of slowing,https://www.straitstimes.com/asia/east-asia/coronavirus-china-to-allow-in-us-health-experts-as-virus-shows-no-sign-of-slowing,"FEB 4, 2020, 7:26 AM",The Straits Times
"Singapore Airshow to go ahead despite fewer exhibitors, with stepped-up coronavirus measures",https://www.straitstimes.com/business/economy/major-summit-on-eve-of-singapore-airshow-canceled-on-coronavirus-fears,"FEB 4, 2020, 8:08 AM",The Straits Times
Lessons on coronavirus to be rolled out in schools: Ong Ye Kung,https://www.straitstimes.com/singapore/lessons-on-coronavirus-to-be-rolled-out-in-schools-ong-ye-kung,"FEB 4, 2020, 5:00 AM",The Straits Times
"Hong Kong reports first death from coronavirus, 39-year-old had travelled to Wuhan",https://www.straitstimes.com/asia/east-asia/coronavirus-chinese-citizens-turn-to-tracker-apps-to-avoid-infected-neighbourhoods,"FEB 4, 2020, 3:41 AM",The Straits Times
"Japan quarantines 3,700 on cruise ship over coronavirus",https://www.straitstimes.com/asia/east-asia/japan-quarantines-3500-on-cruise-ship-over-coronavirus,"FEB 4, 2020, 9:07 AM",The Straits Times
"Coronavirus: Taiwan evacuates first group from Wuhan, announces limit on mask purchases",https://www.straitstimes.com/asia/east-asia/coronavirus-taiwan-evacuates-first-group-from-wuhan-announces-limit-on-mask-purchases,"FEB 4, 2020, 9:29 AM",The Straits Times
3 potential scenarios Singaporeans should prepare for in battle against coronavirus,https://www.straitstimes.com/singapore/3-potential-scenarios-sporeans-should-prepare-for,"FEB 4, 2020, 5:00 AM",The Straits Times
Coronavirus: Woman in China detained for hiding contact with someone from outbreak area,https://www.straitstimes.com/asia/east-asia/coronavirus-chinese-woman-detained-for-hiding-wuhan-virus-contact?,"FEB 4, 2020, 11:33 AM",The Straits Times
Wuhan city converts buildings into hospitals to treat coronavirus cases,https://www.straitstimes.com/asia/east-asia/wuhan-city-converts-buildings-into-hospitals-to-treat-coronavirus-cases,"FEB 4, 2020, 10:35 AM",The Straits Times
Have a good cry but no boozing: Expert tips for coronavirus-stressed China,https://www.straitstimes.com/asia/east-asia/have-a-good-cry-but-no-boozing-expert-tips-for-coronavirus-stressed-china,"FEB 4, 2020, 11:32 AM",The Straits Times
South Korean woman who returned home from Bangkok diagnosed with the coronavirus,https://www.straitstimes.com/asia/east-asia/coronavirus-south-korean-woman-travelling-home-from-thailand-tests-positive-for-virus,"FEB 4, 2020, 1:18 PM",The Straits Times
Coronavirus: Macau to close casinos for two weeks over virus fears,https://www.straitstimes.com/asia/east-asia/coronavirus-macau-to-close-casinos-for-two-weeks-over-wuhan-virus-leader,"FEB 4, 2020, 1:33 PM",The Straits Times
Coronavirus: Chinese cities locked down far from virus epicentre of Wuhan,https://www.straitstimes.com/asia/east-asia/coronavirus-chinese-cities-locked-down-far-from-virus-epicentre-of-wuhan,"FEB 4, 2020, 1:23 PM",The Straits Times
askST: To mask or not? Best ways to protect yourself against coronavirus,https://www.straitstimes.com/singapore/health/askst-to-mask-or-not-best-ways-to-protect-yourself-against-coronovirus,"FEB 4, 2020, 12:51 PM",The Straits Times
Malaysia confirms first citizen with coronavirus: Man was in S'pore for meeting with China colleagues last month,https://www.straitstimes.com/asia/se-asia/coronavirus-malaysia-confirms-first-citizen-infected-with-virus-total-cases-now-10,"FEB 4, 2020, 2:59 PM",The Straits Times
In Pictures: Empty streets in China amid coronavirus outbreak,https://www.straitstimes.com/multimedia/photos/in-pictures-empty-streets-in-china-amid-coronavirus-outbreak,"FEB 4, 2020, 10:18 AM",The Straits Times
Travel insurance may not cover losses arising from coronavirus: Industry association,https://www.straitstimes.com/singapore/health/coronavirus-travel-insurance-may-not-cover-losses-from-the-virus-outbreak-in-wuhan,"FEB 4, 2020, 2:57 PM",The Straits Times
Coronavirus: S'pore reports first cases of local transmission; 4 out of 6 new cases did not travel to China,https://www.straitstimes.com/singapore/coronavirus-spore-reports-first-cases-of-local-transmission-4-out-of-6-new-cases-did-not,"FEB 4, 2020, 6:00 PM",The Straits Times
Coronavirus: Singapore Red Cross launches appeal for funds to help China; Singapore Govt contributes $1m,https://www.straitstimes.com/singapore/coronavirus-singapore-red-cross-launches-public-appeal-for-donations,"FEB 4, 2020, 2:42 PM",The Straits Times
"Coronavirus: Assemblies, large group activities in S'pore schools to be suspended",https://www.straitstimes.com/singapore/coronavirus-assemblies-and-other-large-group-activities-in-schools-and-pre-schools-to-be,"FEB 4, 2020, 6:54 PM",The Straits Times
Singapore confirms first cases of local coronavirus transmission: What we know about the 6 new cases,https://www.straitstimes.com/singapore/health/singapore-confirms-first-cases-of-local-coronavirus-transmission-what-we-know-about,"FEB 4, 2020, 7:15 PM",The Straits Times
"Wuhan virus: No need to kill your travel bug despite coronavirus outbreak, with the right precautions",https://www.straitstimes.com/singapore/no-need-to-kill-your-travel-bug-despite-coronavirus-outbreak-with-the-right-precautions,"JAN 31, 2020, 10:52 PM",The Straits Times
Coronavirus: Can touching a doorknob lead to infection? Experts weigh in on this and other questions,https://www.straitstimes.com/singapore/health/coronavirus-can-touching-a-doorknob-lead-to-infection-experts-weigh-in-on-this-and,"FEB 4, 2020, 8:56 PM",The Straits Times
4 local coronavirus transmissions but no community spread yet as source of infection is known: Gan Kim Yong,https://www.straitstimes.com/singapore/health/four-local-transmissions-but-no-community-spread-yet-as-source-of-infection-is,"FEB 4, 2020, 9:48 PM",The Straits Times
"Coronavirus: NUS students who flout 14-day leave of absence rule face one-month suspension, says Dean of Students",https://www.straitstimes.com/singapore/education/coronavirus-nus-students-who-flout-14-day-leave-of-absence-rule-face-one-month,"FEB 4, 2020, 6:48 PM",The Straits Times
All pneumonia patients in public hospitals in Singapore being tested for coronavirus: MOH,https://www.straitstimes.com/singapore/health/all-pneumonia-patients-in-public-hospitals-here-being-tested-for-coronavirus-moh,"FEB 4, 2020, 10:22 PM",The Straits Times
Coronavirus prank forces Jamaica-bound flight back to Canada,https://www.straitstimes.com/world/americas/coronavirus-prank-forces-jamaica-bound-flight-back-to-canada,"FEB 4, 2020, 11:08 PM",The Straits Times
"Coronavirus: China's death toll rises to 490, number of infections exceed 24,300",https://www.straitstimes.com/asia/east-asia/coronavirus-chinas-hubei-province-epicentre-of-outbreak-reports-65-new-deaths-on-feb,"FEB 5, 2020, 6:37 AM",The Straits Times
Coronavirus: MOM may bar irresponsible landlordsâ€™ addresses from being used to apply for work passes,https://www.straitstimes.com/singapore/coronavirus-mom-may-bar-irresponsible-landlords-from-using-address-to-apply-for-future,"FEB 4, 2020, 10:35 PM",The Straits Times
"Coronavirus: First patient in Singapore discharged, some given anti-HIV drugs: MOH",https://www.straitstimes.com/singapore/first-patient-discharged-some-given-anti-hiv-drugs-moh,"FEB 5, 2020, 5:00 AM",The Straits Times
Neighbours of health products store in Singapore shocked to learn 2 employees have coronavirus,https://www.straitstimes.com/singapore/neighbouring-shopkeepers-shocked-to-learn-about-chinese-health-product-store-affected-by,"FEB 4, 2020, 8:43 PM",The Straits Times
Coronavirus: Cruise ships quarantined off Japan and Hong Kong as passengers test positive,https://www.straitstimes.com/asia/east-asia/passengers-on-cruise-liner-docked-in-japan-test-positive-for-coronavirus,"FEB 5, 2020, 7:23 AM",The Straits Times
"Coronavirus: China urgently needs N95 masks, protective suits, goggles",https://www.straitstimes.com/asia/east-asia/coronavirus-china-urgently-needs-n95-masks-protective-suits-goggles,"FEB 4, 2020, 10:57 PM",The Straits Times
"Coronavirus: South Korea reports 3 new cases, including two who attended conference in Singapore",https://www.straitstimes.com/asia/east-asia/coronavirus-south-korea-confirms-new-case-man-infected-in-singapore,"FEB 5, 2020, 10:36 AM",The Straits Times
Experts looking into concerns of coronavirus spread by people without symptoms,https://www.straitstimes.com/asia/east-asia/even-without-symptoms-experts-fear-coronavirus-may-spread,"FEB 5, 2020, 11:21 AM",The Straits Times
askST: When will the coronavirus outbreak ease?,https://www.straitstimes.com/singapore/health/askst-when-will-the-coronavirus-outbreak-likely-to-ease,"FEB 5, 2020, 12:57 PM",The Straits Times
"Coronavirus: No mass assemblies in schools, junior college orientation activities adjusted",https://www.straitstimes.com/singapore/education/coronavirus-no-mass-assemblies-in-schools-junior-college-orientation-activities,"FEB 5, 2020, 1:29 PM",The Straits Times
Coronavirus: Cleaning stepped up in public housing estates in Singapore,https://www.straitstimes.com/singapore/health/coronavirus-cleaning-stepped-up-in-public-housing-estates-in-singapore,"FEB 5, 2020, 2:10 PM",The Straits Times
"Coronavirus: Hong Kong airline Cathay Pacific asks 27,000 staff to take unpaid leave",https://www.straitstimes.com/asia/east-asia/coronavirus-hong-kong-airline-cathay-pacific-asks-27000-staff-to-take-unpaid-leave,"FEB 5, 2020, 3:38 PM",The Straits Times
"COE prices tumble sharply following coronavirus outbreak, Cats A and B down by $5,000 or more",https://www.straitstimes.com/singapore/coe-prices-close-mostly-down-cats-a-and-b-down-by-5000-or-more,"FEB 5, 2020, 4:04 PM",The Straits Times
"$12 cabbages, emergency pork: Coronavirus tests China on food",https://www.straitstimes.com/asia/east-asia/1240-cabbages-emergency-pork-coronavirus-tests-china-on-food,"FEB 5, 2020, 2:52 PM",The Straits Times
"Coronavirus: Two Malaysians flown back from Wuhan test positive, bringing total to 12",https://www.straitstimes.com/asia/se-asia/coronavirus-malaysia-confirms-2-new-cases-to-bring-total-to-12-a-suspected-case-at-klcc,"FEB 5, 2020, 4:17 PM",The Straits Times
Coronavirus: Grand Hyatt Singapore disinfecting rooms and public areas after 3 travellers test positive,https://www.straitstimes.com/singapore/coronavirus-grand-hyatt-singapore-disinfecting-rooms-and-public-areas-after-two-travellers,"FEB 5, 2020, 4:44 PM",The Straits Times
"Coronavirus: Hong Kong to quarantine travellers from mainland China, close cruise terminals",https://www.straitstimes.com/asia/east-asia/hong-kong-to-further-tighten-mainland-china-border-to-curb-spread-of-coronavirus,"FEB 5, 2020, 5:17 PM",The Straits Times
Thousands of Chinese tourists stranded in Bali after flight ban,https://www.straitstimes.com/asia/se-asia/thousands-of-chinese-tourists-stranded-in-bali-after-flight-ban,"FEB 5, 2020, 2:12 PM",The Straits Times
China wants to patent Gilead's experimental coronavirus drug,https://www.straitstimes.com/asia/east-asia/coronavirus-china-wants-to-patent-gileads-experimental-wuhan-virus-drug,"FEB 5, 2020, 4:38 PM",The Straits Times
"Mothers may pass coronavirus to unborn children, say Chinese doctors: State TV",https://www.straitstimes.com/asia/east-asia/mothers-may-pass-coronavirus-to-unborn-children-say-chinese-doctors-state-tv,"FEB 5, 2020, 6:39 PM",The Straits Times
Malaysian journalist charged over 'fear-inducing' coronavirus social media posts,https://www.straitstimes.com/asia/se-asia/malaysian-journalist-charged-over-fear-inducing-coronavirus-social-media-posts,"FEB 5, 2020, 3:37 PM",The Straits Times
Coronavirus: Thai tourism and economy take a big hit from outbreak in Wuhan,https://www.straitstimes.com/asia/se-asia/coronavirus-thai-tourism-and-economy-takes-a-bit-hit-from-outbreak-in-wuhan,"FEB 5, 2020, 6:18 PM",The Straits Times
"Coronavirus: When others have fled Wuhan, this Singaporean chooses to stay",https://www.straitstimes.com/singapore/when-others-have-fled-wuhan-this-singaporean-chooses-to-stay,"FEB 5, 2020, 7:46 PM",The Straits Times
"Coronavirus: After 2 cases, Yong Thai Hang health products shop closed as more than 10 workers quarantined",https://www.straitstimes.com/singapore/coronavirus-after-2-cases-yong-thai-hang-health-products-shop-in-lavender-closed-as-more,"FEB 5, 2020, 8:56 PM",The Straits Times
Coronavirus: Singaporean evacuated from Wuhan sees his quarantine as helping to keep public safe,https://www.straitstimes.com/singapore/coronavirus-singaporean-evacuated-from-wuhan-sees-his-quarantine-as-helping-to-keep-public,"FEB 5, 2020, 8:52 PM",The Straits Times
"Coronavirus: Singapore confirms 4 new cases, including 6-month-old child of infected couple",https://www.straitstimes.com/singapore/health/coronavirus-4-more-confirmed-cases-in-singapore-28-cases-so-far,"FEB 5, 2020, 9:58 PM",The Straits Times
Coronavirus: Undergrad on leave of absence spends days at budget hotel before being allowed back to rented room,https://www.straitstimes.com/singapore/coronavirus-undergrad-on-leave-of-absence-on-return-from-china-spends-days-at-budget-hotel,"FEB 5, 2020, 9:41 PM",The Straits Times
Singapore at yellow alert for coronavirus outbreak but employing more stringent measures,https://www.straitstimes.com/singapore/health/singapore-at-yellow-alert-for-coronavirus-outbreak-but-employing-more-stringent,"FEB 5, 2020, 10:33 PM",The Straits Times
MICE events shelved due to virus outbreak fears,https://www.sgsme.sg/news/mice-events-shelved-due-virus-outbreak-fears,"FEB 5, 2020, 05:05 AM",The Straits Times
Coronavirus: India starts screening passengers from Singapore,https://www.straitstimes.com/asia/south-asia/coronavirus-india-starts-screening-passengers-from-singapore,"FEB 5, 2020, 11:07 PM",The Straits Times
Coronavirus: China tour group linked to local transmissions visited at least six places in Singapore,https://www.straitstimes.com/singapore/coronavirus-china-tour-group-linked-to-local-transmissions-visited-at-least-six-places-in,"FEB 5, 2020, 11:33 PM",The Straits Times
Coronavirus: China's death toll jumps to 563 as more cases found on cruise ship off Japan,https://www.straitstimes.com/asia/east-asia/coronavirus-chinas-hubei-province-reports-70-new-deaths,"FEB 6, 2020, 7:35 AM",The Straits Times
"Coronavirus: 'Severe' hospital bed shortage at China virus epicentre, say officials",https://www.straitstimes.com/asia/east-asia/coronavirus-severe-hospital-bed-shortage-at-china-virus-epicentre-say-officials,"FEB 6, 2020, 8:10 AM",The Straits Times
Coronavirus: Ten more people on cruise ship in Japan test positive; 13 passengers disembark in Naha,https://www.straitstimes.com/asia/east-asia/coronavirus-ten-more-people-on-cruise-ship-in-japan-test-positive,"FEB 6, 2020, 8:49 AM",The Straits Times
WHO issues appeal for US$675m to fight coronavirus,https://www.straitstimes.com/asia/east-asia/who-issues-appeal-for-675m-to-fight-novel-coronavirus,"FEB 6, 2020, 12:11 AM",The Straits Times
How to protect against infection,https://www.straitstimes.com/singapore/health/how-to-protect-against-infection,"FEB 6, 2020, 5:00 AM",The Straits Times
"Budget to include measures to cope with coronavirus, and support business, workers, families: Indranee Rajah",https://www.straitstimes.com/singapore/budget-measures-to-cope-with-coronavirus-and-support-business-workers-and-families,"FEB 6, 2020, 10:00 AM",The Straits Times
Coronavirus: Bill Gates pledges US$100 million to combat outbreak,https://www.straitstimes.com/asia/east-asia/coronavirus-bill-gates-pledges-us100-million,"FEB 5, 2020, 10:54 PM",The Straits Times
Coronavirus: Actress Jeanette Aw staying at home for 14 days after returning from China,https://www.straitstimes.com/lifestyle/entertainment/coronavirus-actress-jeanette-aw-opts-to-stay-at-home-for-14-days-after,"FEB 6, 2020, 12:54 PM",The Straits Times
WHO investigates Singapore conference linked to coronavirus spread,https://www.straitstimes.com/world/united-states/who-investigates-singapore-conference-linked-to-coronavirus-spread,"FEB 6, 2020, 1:30 PM",The Straits Times
"Three more locally transmitted coronavirus cases in Singapore, including 6-month-old baby",https://www.straitstimes.com/singapore/three-more-locally-transmitted-coronavirus-cases-including-infant,"FEB 6, 2020, 5:00 AM",The Straits Times
School sports: No spectators for National School Games as MOE steps up coronavirus measures,https://www.straitstimes.com/sport/school-sports-no-spectators-for-national-school-games-as-moe-steps-up-virus-measures,"FEB 6, 2020, 2:20 PM",The Straits Times
Coronavirus: Toilet paper panic buying in Hong Kong over shortage rumours,https://www.straitstimes.com/asia/east-asia/coronavirus-toilet-paper-panic-buying-in-hong-kong-over-shortage-rumours,"FEB 6, 2020, 3:00 PM",The Straits Times
Coronavirus: Employers must notify MOM of workers returning from China; $100 a day for those serving leave of absence,https://www.straitstimes.com/singapore/coronavirus-employers-must-notify-mom-of-workers-returning-from-china-100-a-day-for-those,"FEB 6, 2020, 5:16 PM",The Straits Times
Coronavirus: Cleaning stepped up at all hawker centres across Singapore,https://www.straitstimes.com/singapore/health/coronavirus-cleaning-stepped-up-at-all-hawker-centres-across-singapore,"FEB 6, 2020, 5:01 PM",The Straits Times
"Malaysia confirms two new patients, bringing total coronavirus infections count to 14",https://www.straitstimes.com/asia/se-asia/malaysia-confirms-two-new-patients-bringing-total-coronavirus-infections-count-to-14,"FEB 6, 2020, 4:50 PM",The Straits Times